event_ts,event_type,logged_at,status,pre_close,ev_open,ev_high,ev_low,ev_close,ev_range,pre_atr,ema_slope,trend_dir,status_detail,direction,entry_ts,entry_price,exit_ts,exit_price,stop_price,target_price,exit_reason,gross_pnl,net_pnl,mfe_dollars,mae_dollars,what_if_opp_dir_pnl
2020-01-03 13:30:00+00:00,JOBS,2026-06-19 19:26:19.351965+00:00,no_bar,,,,,,,,,,,,,,,,,,,,,,,
2020-01-13 13:30:00+00:00,CPI,2026-06-19 19:26:19.352567+00:00,no_bar,,,,,,,,,,,,,,,,,,,,,,,
2020-02-07 13:30:00+00:00,JOBS,2026-06-19 19:26:19.353150+00:00,no_bar,,,,,,,,,,,,,,,,,,,,,,,
2020-02-13 13:30:00+00:00,CPI,2026-06-19 19:26:19.353680+00:00,no_bar,,,,,,,,,,,,,,,,,,,,,,,
2020-03-06 13:30:00+00:00,JOBS,2026-06-19 19:26:19.354294+00:00,no_bar,,,,,,,,,,,,,,,,,,,,,,,
2020-03-12 12:30:00+00:00,CPI,2026-06-19 19:26:19.354806+00:00,no_bar,,,,,,,,,,,,,,,,,,,,,,,
2020-04-03 12:30:00+00:00,JOBS,2026-06-19 19:26:19.355360+00:00,no_bar,,,,,,,,,,,,,,,,,,,,,,,
2020-04-13 12:30:00+00:00,CPI,2026-06-19 19:26:19.355882+00:00,no_bar,,,,,,,,,,,,,,,,,,,,,,,
2020-05-01 12:30:00+00:00,JOBS,2026-06-19 19:26:19.356427+00:00,no_bar,,,,,,,,,,,,,,,,,,,,,,,
2020-05-13 12:30:00+00:00,CPI,2026-06-19 19:26:19.356947+00:00,no_bar,,,,,,,,,,,,,,,,,,,,,,,
2020-06-05 12:30:00+00:00,JOBS,2026-06-19 19:26:19.357496+00:00,no_bar,,,,,,,,,,,,,,,,,,,,,,,
2020-06-11 12:30:00+00:00,CPI,2026-06-19 19:26:19.358021+00:00,no_bar,,,,,,,,,,,,,,,,,,,,,,,
2020-07-03 12:30:00+00:00,JOBS,2026-06-19 19:26:19.358561+00:00,no_bar,,,,,,,,,,,,,,,,,,,,,,,
2020-07-13 12:30:00+00:00,CPI,2026-06-19 19:26:19.359079+00:00,no_bar,,,,,,,,,,,,,,,,,,,,,,,
2020-08-07 12:30:00+00:00,JOBS,2026-06-19 19:26:19.359630+00:00,no_bar,,,,,,,,,,,,,,,,,,,,,,,
2020-08-13 12:30:00+00:00,CPI,2026-06-19 19:26:19.360141+00:00,no_bar,,,,,,,,,,,,,,,,,,,,,,,
2020-09-04 12:30:00+00:00,JOBS,2026-06-19 19:26:19.360774+00:00,no_bar,,,,,,,,,,,,,,,,,,,,,,,
2020-09-11 12:30:00+00:00,CPI,2026-06-19 19:26:19.361303+00:00,no_bar,,,,,,,,,,,,,,,,,,,,,,,
2020-10-02 12:30:00+00:00,JOBS,2026-06-19 19:26:19.361849+00:00,no_bar,,,,,,,,,,,,,,,,,,,,,,,
2020-10-13 12:30:00+00:00,CPI,2026-06-19 19:26:19.362395+00:00,no_bar,,,,,,,,,,,,,,,,,,,,,,,
2020-11-06 13:30:00+00:00,JOBS,2026-06-19 19:26:19.362949+00:00,no_bar,,,,,,,,,,,,,,,,,,,,,,,
2020-11-12 13:30:00+00:00,CPI,2026-06-19 19:26:19.363469+00:00,no_bar,,,,,,,,,,,,,,,,,,,,,,,
2020-12-04 13:30:00+00:00,JOBS,2026-06-19 19:26:19.364011+00:00,no_bar,,,,,,,,,,,,,,,,,,,,,,,
2020-12-11 13:30:00+00:00,CPI,2026-06-19 19:26:19.364540+00:00,no_bar,,,,,,,,,,,,,,,,,,,,,,,
2021-01-01 13:30:00+00:00,JOBS,2026-06-19 19:26:19.365085+00:00,no_bar,,,,,,,,,,,,,,,,,,,,,,,
2021-01-13 13:30:00+00:00,CPI,2026-06-19 19:26:19.365606+00:00,no_bar,,,,,,,,,,,,,,,,,,,,,,,
2021-02-05 13:30:00+00:00,JOBS,2026-06-19 19:26:19.366165+00:00,no_bar,,,,,,,,,,,,,,,,,,,,,,,
2021-02-11 13:30:00+00:00,CPI,2026-06-19 19:26:19.366672+00:00,no_bar,,,,,,,,,,,,,,,,,,,,,,,
2021-03-05 13:30:00+00:00,JOBS,2026-06-19 19:26:19.367240+00:00,no_bar,,,,,,,,,,,,,,,,,,,,,,,
2021-03-11 13:30:00+00:00,CPI,2026-06-19 19:26:19.367757+00:00,no_bar,,,,,,,,,,,,,,,,,,,,,,,
2021-04-02 12:30:00+00:00,JOBS,2026-06-19 19:26:19.368300+00:00,no_bar,,,,,,,,,,,,,,,,,,,,,,,
2021-04-13 12:30:00+00:00,CPI,2026-06-19 19:26:19.368818+00:00,no_bar,,,,,,,,,,,,,,,,,,,,,,,
2021-05-07 12:30:00+00:00,JOBS,2026-06-19 19:26:19.369363+00:00,no_bar,,,,,,,,,,,,,,,,,,,,,,,
2021-05-13 12:30:00+00:00,CPI,2026-06-19 19:26:19.369874+00:00,no_bar,,,,,,,,,,,,,,,,,,,,,,,
2021-06-04 12:30:00+00:00,JOBS,2026-06-19 19:26:19.370468+00:00,no_bar,,,,,,,,,,,,,,,,,,,,,,,
2021-06-11 12:30:00+00:00,CPI,2026-06-19 19:26:19.370987+00:00,no_bar,,,,,,,,,,,,,,,,,,,,,,,
2021-07-02 12:30:00+00:00,JOBS,2026-06-19 19:26:19.371520+00:00,no_bar,,,,,,,,,,,,,,,,,,,,,,,
2021-07-13 12:30:00+00:00,CPI,2026-06-19 19:26:19.372043+00:00,no_bar,,,,,,,,,,,,,,,,,,,,,,,
2021-08-06 12:30:00+00:00,JOBS,2026-06-19 19:26:19.372586+00:00,no_bar,,,,,,,,,,,,,,,,,,,,,,,
2021-08-12 12:30:00+00:00,CPI,2026-06-19 19:26:19.373091+00:00,no_bar,,,,,,,,,,,,,,,,,,,,,,,
2021-09-03 12:30:00+00:00,JOBS,2026-06-19 19:26:19.373639+00:00,no_bar,,,,,,,,,,,,,,,,,,,,,,,
2021-09-13 12:30:00+00:00,CPI,2026-06-19 19:26:19.374167+00:00,no_bar,,,,,,,,,,,,,,,,,,,,,,,
2021-10-01 12:30:00+00:00,JOBS,2026-06-19 19:26:19.374705+00:00,no_bar,,,,,,,,,,,,,,,,,,,,,,,
2021-10-13 12:30:00+00:00,CPI,2026-06-19 19:26:19.375221+00:00,no_bar,,,,,,,,,,,,,,,,,,,,,,,
2021-11-05 12:30:00+00:00,JOBS,2026-06-19 19:26:19.375766+00:00,no_bar,,,,,,,,,,,,,,,,,,,,,,,
2021-11-11 13:30:00+00:00,CPI,2026-06-19 19:26:19.376289+00:00,no_bar,,,,,,,,,,,,,,,,,,,,,,,
2021-12-03 13:30:00+00:00,JOBS,2026-06-19 19:26:19.376826+00:00,no_bar,,,,,,,,,,,,,,,,,,,,,,,
2021-12-13 13:30:00+00:00,CPI,2026-06-19 19:26:19.377345+00:00,no_bar,,,,,,,,,,,,,,,,,,,,,,,
2022-01-07 13:30:00+00:00,JOBS,2026-06-19 19:26:19.377896+00:00,no_bar,,,,,,,,,,,,,,,,,,,,,,,
2022-01-13 13:30:00+00:00,CPI,2026-06-19 19:26:19.378414+00:00,no_bar,,,,,,,,,,,,,,,,,,,,,,,
2022-02-04 13:30:00+00:00,JOBS,2026-06-19 19:26:19.378953+00:00,no_bar,,,,,,,,,,,,,,,,,,,,,,,
2022-02-11 13:30:00+00:00,CPI,2026-06-19 19:26:19.379601+00:00,no_bar,,,,,,,,,,,,,,,,,,,,,,,
2022-03-04 13:30:00+00:00,JOBS,2026-06-19 19:26:19.380218+00:00,no_bar,,,,,,,,,,,,,,,,,,,,,,,
2022-03-11 13:30:00+00:00,CPI,2026-06-19 19:26:19.380757+00:00,no_bar,,,,,,,,,,,,,,,,,,,,,,,
2022-04-01 12:30:00+00:00,JOBS,2026-06-19 19:26:19.381304+00:00,no_bar,,,,,,,,,,,,,,,,,,,,,,,
2022-04-13 12:30:00+00:00,CPI,2026-06-19 19:26:19.381826+00:00,no_bar,,,,,,,,,,,,,,,,,,,,,,,
2022-05-06 12:30:00+00:00,JOBS,2026-06-19 19:26:19.382385+00:00,no_bar,,,,,,,,,,,,,,,,,,,,,,,
2022-05-12 12:30:00+00:00,CPI,2026-06-19 19:26:19.382905+00:00,no_bar,,,,,,,,,,,,,,,,,,,,,,,
2022-06-03 12:30:00+00:00,JOBS,2026-06-19 19:26:19.383440+00:00,no_bar,,,,,,,,,,,,,,,,,,,,,,,
2022-06-13 12:30:00+00:00,CPI,2026-06-19 19:26:19.383960+00:00,no_bar,,,,,,,,,,,,,,,,,,,,,,,
2022-07-01 12:30:00+00:00,JOBS,2026-06-19 19:26:19.384493+00:00,no_bar,,,,,,,,,,,,,,,,,,,,,,,
2022-07-13 12:30:00+00:00,CPI,2026-06-19 19:26:19.385004+00:00,no_bar,,,,,,,,,,,,,,,,,,,,,,,
2022-08-05 12:30:00+00:00,JOBS,2026-06-19 19:26:19.385553+00:00,no_bar,,,,,,,,,,,,,,,,,,,,,,,
2022-08-11 12:30:00+00:00,CPI,2026-06-19 19:26:19.386073+00:00,no_bar,,,,,,,,,,,,,,,,,,,,,,,
2022-09-02 12:30:00+00:00,JOBS,2026-06-19 19:26:19.386608+00:00,no_bar,,,,,,,,,,,,,,,,,,,,,,,
2022-09-13 12:30:00+00:00,CPI,2026-06-19 19:26:19.387122+00:00,no_bar,,,,,,,,,,,,,,,,,,,,,,,
2022-10-07 12:30:00+00:00,JOBS,2026-06-19 19:26:19.387664+00:00,no_bar,,,,,,,,,,,,,,,,,,,,,,,
2022-10-13 12:30:00+00:00,CPI,2026-06-19 19:26:19.388170+00:00,no_bar,,,,,,,,,,,,,,,,,,,,,,,
2022-11-04 12:30:00+00:00,JOBS,2026-06-19 19:26:19.388711+00:00,no_bar,,,,,,,,,,,,,,,,,,,,,,,
2022-11-11 13:30:00+00:00,CPI,2026-06-19 19:26:19.389224+00:00,no_bar,,,,,,,,,,,,,,,,,,,,,,,
2022-12-02 13:30:00+00:00,JOBS,2026-06-19 19:26:19.389756+00:00,no_bar,,,,,,,,,,,,,,,,,,,,,,,
2022-12-13 13:30:00+00:00,CPI,2026-06-19 19:26:19.390275+00:00,no_bar,,,,,,,,,,,,,,,,,,,,,,,
2023-01-06 13:30:00+00:00,JOBS,2026-06-19 19:26:19.390822+00:00,no_bar,,,,,,,,,,,,,,,,,,,,,,,
2023-01-12 13:30:00+00:00,CPI,2026-06-19 19:26:19.391332+00:00,no_bar,,,,,,,,,,,,,,,,,,,,,,,
2023-02-03 13:30:00+00:00,JOBS,2026-06-19 19:26:19.391868+00:00,no_bar,,,,,,,,,,,,,,,,,,,,,,,
2023-02-13 13:30:00+00:00,CPI,2026-06-19 19:26:19.392380+00:00,no_bar,,,,,,,,,,,,,,,,,,,,,,,
2023-03-03 13:30:00+00:00,JOBS,2026-06-19 19:26:19.392915+00:00,no_bar,,,,,,,,,,,,,,,,,,,,,,,
2023-03-13 12:30:00+00:00,CPI,2026-06-19 19:26:19.393426+00:00,no_bar,,,,,,,,,,,,,,,,,,,,,,,
2023-04-07 12:30:00+00:00,JOBS,2026-06-19 19:26:19.393974+00:00,no_bar,,,,,,,,,,,,,,,,,,,,,,,
2023-04-13 12:30:00+00:00,CPI,2026-06-19 19:26:19.394486+00:00,no_bar,,,,,,,,,,,,,,,,,,,,,,,
2023-05-05 12:30:00+00:00,JOBS,2026-06-19 19:26:19.395026+00:00,no_bar,,,,,,,,,,,,,,,,,,,,,,,
2023-05-11 12:30:00+00:00,CPI,2026-06-19 19:26:19.395545+00:00,no_bar,,,,,,,,,,,,,,,,,,,,,,,
2023-06-02 12:30:00+00:00,JOBS,2026-06-19 19:26:19.396097+00:00,no_bar,,,,,,,,,,,,,,,,,,,,,,,
2023-06-13 12:30:00+00:00,CPI,2026-06-19 19:26:19.396613+00:00,no_bar,,,,,,,,,,,,,,,,,,,,,,,
2023-07-07 12:30:00+00:00,JOBS,2026-06-19 19:26:19.397159+00:00,no_bar,,,,,,,,,,,,,,,,,,,,,,,
2023-07-13 12:30:00+00:00,CPI,2026-06-19 19:26:19.397671+00:00,no_bar,,,,,,,,,,,,,,,,,,,,,,,
2023-08-04 12:30:00+00:00,JOBS,2026-06-19 19:26:19.398226+00:00,no_bar,,,,,,,,,,,,,,,,,,,,,,,
2023-08-11 12:30:00+00:00,CPI,2026-06-19 19:26:19.398739+00:00,no_bar,,,,,,,,,,,,,,,,,,,,,,,
2023-09-01 12:30:00+00:00,JOBS,2026-06-19 19:26:19.399327+00:00,no_bar,,,,,,,,,,,,,,,,,,,,,,,
2023-09-13 12:30:00+00:00,CPI,2026-06-19 19:26:19.399844+00:00,no_bar,,,,,,,,,,,,,,,,,,,,,,,
2023-10-06 12:30:00+00:00,JOBS,2026-06-19 19:26:19.400409+00:00,no_bar,,,,,,,,,,,,,,,,,,,,,,,
2023-10-12 12:30:00+00:00,CPI,2026-06-19 19:26:19.400924+00:00,no_bar,,,,,,,,,,,,,,,,,,,,,,,
2023-11-03 12:30:00+00:00,JOBS,2026-06-19 19:26:19.401457+00:00,no_bar,,,,,,,,,,,,,,,,,,,,,,,
2023-11-13 13:30:00+00:00,CPI,2026-06-19 19:26:19.401981+00:00,no_bar,,,,,,,,,,,,,,,,,,,,,,,
2023-12-01 13:30:00+00:00,JOBS,2026-06-19 19:26:19.402513+00:00,no_bar,,,,,,,,,,,,,,,,,,,,,,,
2023-12-13 13:30:00+00:00,CPI,2026-06-19 19:26:19.403023+00:00,no_bar,,,,,,,,,,,,,,,,,,,,,,,
2024-01-05 13:30:00+00:00,JOBS,2026-06-19 19:26:19.403571+00:00,no_bar,,,,,,,,,,,,,,,,,,,,,,,
2024-01-11 13:30:00+00:00,CPI,2026-06-19 19:26:19.404085+00:00,no_bar,,,,,,,,,,,,,,,,,,,,,,,
2024-01-31 19:00:00+00:00,FOMC,2026-06-19 19:26:19.404821+00:00,no_trade_taken,2064.60009765625,2064.699951171875,2069.39990234375,2057.39990234375,2063.10009765625,12.0,3.8050048828125,3.9981238898560605,UP,short_break_blocked_by_trend,,,,,,,,,,,,,
2024-02-02 13:30:00+00:00,JOBS,2026-06-19 19:26:19.407049+00:00,no_trade_taken,2072.199951171875,2072.300048828125,2074.699951171875,2046.0999755859373,2048.39990234375,28.599975585937727,3.74998779296875,1.6115429528449567,UP,short_break_blocked_by_trend,,,,,,,,,,,,,
2024-02-13 13:30:00+00:00,CPI,2026-06-19 19:26:19.408332+00:00,no_trade_taken,2042.0,2042.0,2047.300048828125,2016.199951171875,2017.5999755859373,31.10009765625,2.4549926757812273,0.6274306385587352,UP,short_break_blocked_by_trend,,,,,,,,,,,,,
2024-03-01 13:30:00+00:00,JOBS,2026-06-19 19:26:19.409557+00:00,no_trade_taken,2060.89990234375,2060.800048828125,2063.0,2058.300048828125,2060.0,4.699951171875,3.4300048828125,1.9033732434775175,UP,long_break_skipped_other,,,,,,,,,,,,,
2024-03-13 12:30:00+00:00,CPI,2026-06-19 19:26:19.410754+00:00,no_trade_taken,2169.300048828125,2169.39990234375,2171.699951171875,2167.5,2168.89990234375,4.199951171875,4.22999267578125,-1.1849389131325552,DOWN,long_break_blocked_by_trend,,,,,,,,,,,,,
2024-03-20 18:00:00+00:00,FOMC,2026-06-19 19:26:19.411948+00:00,no_trade_taken,2160.39990234375,2160.300048828125,2187.300048828125,2160.0,2185.60009765625,27.300048828125,3.5249755859375,-0.032016958818985586,DOWN,long_break_blocked_by_trend,,,,,,,,,,,,,
2024-04-05 12:30:00+00:00,JOBS,2026-06-19 19:26:19.413125+00:00,traded,2310.39990234375,2310.199951171875,2315.699951171875,2299.60009765625,2310.0,16.099853515625,7.89503173828125,1.359149364681798,UP,,1.0,2024-04-05 13:00:00+00:00,2316.489454345703,2024-04-05 16:00:00+00:00,2348.689161376953,2300.389600830078,2348.689161376953,target,3219.970703125,3195.970703125,3251.054565429695,-1038.9356689453052,
2024-04-11 12:30:00+00:00,CPI,2026-06-19 19:26:19.414644+00:00,no_trade_taken,2354.800048828125,2354.699951171875,2362.199951171875,2349.199951171875,2359.0,13.0,7.480029296875,-1.249266704492129,DOWN,long_break_blocked_by_trend,,,,,,,,,,,,,
2024-05-01 18:00:00+00:00,FOMC,2026-06-19 19:26:19.415844+00:00,no_trade_taken,2310.39990234375,2310.39990234375,2339.5,2305.800048828125,2336.300048828125,33.699951171875,5.92998046875,-0.482096902167541,DOWN,,,,,,,,,,,,,,
2024-05-03 12:30:00+00:00,JOBS,2026-06-19 19:26:19.417051+00:00,traded,2307.0,2307.10009765625,2330.699951171875,2303.199951171875,2313.300048828125,27.5,4.8399658203125,-1.2653280390245527,DOWN,,-1.0,2024-05-03 13:00:00+00:00,2302.715954589844,2024-05-03 19:00:00+00:00,2310.199951171875,2330.215954589844,2247.715954589844,time,-748.3996582031068,-772.3996582031068,1751.6003417968932,-1488.4143066406068,
2024-05-13 12:30:00+00:00,CPI,2026-06-19 19:26:19.418587+00:00,traded,2350.60009765625,2350.5,2356.300048828125,2349.89990234375,2353.10009765625,6.400146484375,5.61500244140625,-1.0832485391279079,DOWN,,-1.0,2024-05-13 13:00:00+00:00,2349.3384020996095,2024-05-13 19:00:00+00:00,2343.5,2355.7385485839845,2336.5381091308595,time,583.8402099609539,559.8402099609539,1063.8450927734539,-616.1597900390461,
2024-06-07 12:30:00+00:00,JOBS,2026-06-19 19:26:19.420142+00:00,traded,2355.0,2354.89990234375,2357.5,2330.60009765625,2337.199951171875,26.89990234375,8.144970703125,-3.2453547522168265,DOWN,,-1.0,2024-06-07 13:00:00+00:00,2329.7856005859376,2024-06-07 19:00:00+00:00,2305.800048828125,2356.6855029296876,2275.9857958984376,time,2398.5551757812573,2374.5551757812573,2468.5502929687573,-1641.4350585937427,
2024-06-12 18:00:00+00:00,FOMC,2026-06-19 19:26:19.421625+00:00,no_trade_taken,2352.199951171875,2351.5,2352.199951171875,2336.10009765625,2339.5,16.099853515625,6.2449951171875,3.2978162541398888,UP,short_break_blocked_by_trend,,,,,,,,,,,,,
2024-06-13 12:30:00+00:00,CPI,2026-06-19 19:26:19.422766+00:00,no_trade_taken,2322.5,2322.39990234375,2342.39990234375,2320.39990234375,2339.300048828125,22.0,6.81495361328125,-0.7979191851436553,DOWN,,,,,,,,,,,,,,
2024-07-05 12:30:00+00:00,JOBS,2026-06-19 19:26:19.424015+00:00,traded,2373.60009765625,2373.699951171875,2385.199951171875,2356.0,2380.199951171875,29.199951171875,5.29498291015625,4.971595652569249,UP,,1.0,2024-07-05 13:00:00+00:00,2385.7294494628904,2024-07-05 19:00:00+00:00,2397.199951171875,2356.5294982910154,2444.1293518066404,time,1147.0501708984557,1123.0501708984557,1577.0550537109557,-702.9498291015443,
2024-07-11 12:30:00+00:00,CPI,2026-06-19 19:26:19.425498+00:00,traded,2386.199951171875,2386.0,2415.5,2383.10009765625,2411.800048828125,32.39990234375,3.63497314453125,1.6262029895769956,UP,,1.0,2024-07-11 13:00:00+00:00,2415.863497314453,2024-07-11 19:00:00+00:00,2419.800048828125,2383.463594970703,2480.663302001953,time,393.65515136719296,369.65515136719296,1453.640502929693,-1466.354614257807,
2024-07-31 18:00:00+00:00,FOMC,2026-06-19 19:26:19.426988+00:00,traded,2471.199951171875,2471.800048828125,2480.60009765625,2420.60009765625,2478.89990234375,60.0,50.9900146484375,6.845348010420366,UP,,1.0,2024-07-31 19:00:00+00:00,2485.6990991210937,2024-08-01 02:00:00+00:00,2485.5,2425.6990991210937,2605.6990991210937,time,-19.909912109369543,-43.90991210936954,1710.0949707031305,-5289.9050292968695,
2024-08-02 12:30:00+00:00,JOBS,2026-06-19 19:26:19.428467+00:00,no_trade_taken,2503.5,2503.300048828125,2522.5,2473.39990234375,2517.10009765625,49.10009765625,32.789990234375,4.889733851603069,UP,short_break_blocked_by_trend,,,,,,,,,,,,,
2024-08-13 12:30:00+00:00,CPI,2026-06-19 19:26:19.429637+00:00,traded,2505.300048828125,2505.300048828125,2512.5,2463.199951171875,2507.300048828125,49.300048828125,25.8549560546875,3.039761957956671,UP,,1.0,2024-08-13 13:00:00+00:00,2515.0854956054686,2024-08-13 13:00:00+00:00,2465.7854467773436,2465.7854467773436,2613.6855932617186,stop,-4930.0048828125,-4954.0048828125,51.46020507813773,-5188.554443359362,
2024-09-06 12:30:00+00:00,JOBS,2026-06-19 19:26:19.430994+00:00,no_trade_taken,2546.199951171875,2546.10009765625,2559.800048828125,2537.300048828125,2552.300048828125,22.5,3.544970703125,1.7179087071490358,UP,short_break_blocked_by_trend,,,,,,,,,,,,,
2024-09-12 12:30:00+00:00,CPI,2026-06-19 19:26:19.432150+00:00,traded,2547.39990234375,2547.60009765625,2564.10009765625,2546.5,2556.800048828125,17.60009765625,4.05501708984375,0.5665365229669987,UP,,1.0,2024-09-12 13:00:00+00:00,2564.5055993652345,2024-09-12 19:00:00+00:00,2586.199951171875,2546.9055017089845,2599.7057946777345,time,2169.4351806640498,2145.4351806640498,2319.4351806640498,-1450.5599365234502,
2024-09-18 18:00:00+00:00,FOMC,2026-06-19 19:26:19.433623+00:00,traded,2594.0,2594.39990234375,2627.199951171875,2594.39990234375,2601.89990234375,32.800048828125,5.23499755859375,-0.4185329633664878,DOWN,,-1.0,2024-09-18 19:00:00+00:00,2593.8764025878904,2024-09-19 02:00:00+00:00,2588.89990234375,2626.6764514160154,2528.2763049316404,time,497.6500244140425,473.6500244140425,2137.6402587890425,-862.3597412109575,
2024-10-04 12:30:00+00:00,JOBS,2026-06-19 19:26:19.435103+00:00,no_trade_taken,2681.39990234375,2681.300048828125,2681.5,2651.60009765625,2658.5,29.89990234375,4.669970703125,0.6944760432847943,UP,,,,,,,,,,,,,,
2024-10-11 12:30:00+00:00,CPI,2026-06-19 19:26:19.436318+00:00,traded,2661.699951171875,2661.60009765625,2667.39990234375,2657.699951171875,2660.39990234375,9.699951171875,6.035009765625,2.6117919757384698,UP,,1.0,2024-10-11 13:00:00+00:00,2668.0034033203124,2024-10-11 19:00:00+00:00,2672.89990234375,2658.3034521484374,2687.4033056640624,time,489.64990234376273,465.64990234376273,1099.6596679687627,-800.3403320312373,
2024-11-01 12:30:00+00:00,JOBS,2026-06-19 19:26:19.438783+00:00,no_trade_taken,2762.699951171875,2762.699951171875,2770.0,2758.699951171875,2764.0,11.300048828125,5.1599609375,-2.0005732266567975,DOWN,long_break_blocked_by_trend,,,,,,,,,,,,,
2024-11-07 19:00:00+00:00,FOMC,2026-06-19 19:26:19.440030+00:00,traded,2703.0,2703.199951171875,2705.5,2694.60009765625,2701.60009765625,10.89990234375,8.5400390625,0.8628626975269071,UP,,1.0,2024-11-07 20:00:00+00:00,2706.35400390625,2024-11-08 03:00:00+00:00,2702.39990234375,2695.4541015625,2728.15380859375,time,-395.41015625,-419.41015625,1194.6044921875,-635.400390625,
2024-11-13 13:30:00+00:00,CPI,2026-06-19 19:26:19.441531+00:00,traded,2615.699951171875,2615.699951171875,2625.0,2613.0,2618.60009765625,12.0,5.4199951171875,-2.298038358692793,DOWN,,-1.0,2024-11-13 14:00:00+00:00,2612.4580004882814,2024-11-13 17:00:00+00:00,2588.4580004882814,2624.4580004882814,2588.4580004882814,target,2400.0,2376.0,2915.7951660156414,-1014.2097167968586,
2024-12-06 13:30:00+00:00,JOBS,2026-06-19 19:26:19.442994+00:00,traded,2660.10009765625,2660.0,2665.300048828125,2637.300048828125,2657.39990234375,28.0,17.67998046875,-0.4458935974080305,DOWN,,-1.0,2024-12-06 14:00:00+00:00,2635.53205078125,2024-12-06 16:00:00+00:00,2663.53205078125,2663.53205078125,2579.53205078125,stop,-2800.0,-2824.0,853.2050781249836,-2816.7900390625164,
2024-12-12 13:30:00+00:00,CPI,2026-06-19 19:26:19.444373+00:00,no_trade_taken,2736.39990234375,2736.39990234375,2742.60009765625,2714.0,2726.199951171875,28.60009765625,13.7400146484375,2.7684124896236426,UP,short_break_blocked_by_trend,,,,,,,,,,,,,
2024-12-18 19:00:00+00:00,FOMC,2026-06-19 19:26:19.445533+00:00,traded,2652.5,2651.800048828125,2651.800048828125,2618.89990234375,2619.5,32.900146484375,4.77999267578125,-2.5254965818676283,DOWN,,-1.0,2024-12-18 20:00:00+00:00,2618.421903076172,2024-12-19 03:00:00+00:00,2623.10009765625,2651.322049560547,2552.621610107422,time,-467.81945800780704,-491.81945800780704,2172.195190429693,-1157.809692382807,
2025-01-03 13:30:00+00:00,JOBS,2026-06-19 19:26:19.447012+00:00,no_trade_taken,2669.300048828125,2669.10009765625,2670.300048828125,2657.0,2664.10009765625,13.300048828125,5.25,2.804238010757672,UP,short_break_blocked_by_trend,,,,,,,,,,,,,
2025-01-13 13:30:00+00:00,CPI,2026-06-19 19:26:19.448239+00:00,no_trade_taken,2691.89990234375,2691.800048828125,2694.199951171875,2679.89990234375,2689.5,14.300048828125,7.62999267578125,0.03736762338303379,UP,,,,,,,,,,,,,,
2025-01-29 19:00:00+00:00,FOMC,2026-06-19 19:26:19.449464+00:00,traded,2768.89990234375,2768.300048828125,2775.39990234375,2761.0,2773.300048828125,14.39990234375,4.7500244140625,1.4661742623957252,UP,,1.0,2025-01-29 20:00:00+00:00,2775.874904785156,2025-01-30 03:00:00+00:00,2773.39990234375,2761.475002441406,2804.674709472656,time,-247.50024414061045,-271.50024414061045,32.50463867188955,-737.4904785156104,
2025-02-07 13:30:00+00:00,JOBS,2026-06-19 19:26:19.450934+00:00,traded,2886.699951171875,2886.699951171875,2893.0,2857.800048828125,2885.60009765625,35.199951171875,21.3149658203125,1.933322454628069,UP,,1.0,2025-02-07 14:00:00+00:00,2895.131496582031,2025-02-07 17:00:00+00:00,2859.931545410156,2859.931545410156,2965.531398925781,stop,-3519.9951171875,-3543.9951171875,1546.8601074218896,-3553.1398925781104,
2025-02-13 13:30:00+00:00,CPI,2026-06-19 19:26:19.452340+00:00,traded,2946.5,2946.5,2946.800048828125,2916.699951171875,2935.60009765625,30.10009765625,19.214990234375,3.028016093916449,UP,,1.0,2025-02-13 15:00:00+00:00,2948.7215478515627,2025-02-13 21:00:00+00:00,2957.199951171875,2918.6214501953127,3008.9217431640627,time,847.8403320312282,823.8403320312282,1007.8500976562282,-2502.159667968772,
2025-03-07 13:30:00+00:00,JOBS,2026-06-19 19:26:19.453867+00:00,no_trade_taken,2925.89990234375,2925.89990234375,2933.89990234375,2916.60009765625,2920.5,17.2998046875,6.3650146484375,1.5866667006853277,UP,long_break_skipped_other,,,,,,,,,,,,,
2025-03-13 12:30:00+00:00,CPI,2026-06-19 19:26:19.455015+00:00,no_trade_taken,2955.199951171875,2955.199951171875,2958.89990234375,2950.199951171875,2951.800048828125,8.699951171875,5.725,3.906333530801021,UP,long_break_skipped_other,,,,,,,,,,,,,
2025-03-19 18:00:00+00:00,FOMC,2026-06-19 19:26:19.456192+00:00,traded,3038.60009765625,3038.89990234375,3058.199951171875,3037.5,3055.39990234375,20.699951171875,6.65496826171875,2.0595495938132444,UP,,1.0,2025-03-19 19:00:00+00:00,3058.865447998047,2025-03-20 02:00:00+00:00,3054.199951171875,3038.165496826172,3100.265350341797,time,-466.5496826171875,-490.5496826171875,633.4503173828125,-906.5399169921875,
2025-04-04 12:30:00+00:00,JOBS,2026-06-19 19:26:19.457691+00:00,traded,3132.5,3132.699951171875,3134.300048828125,3065.5,3090.60009765625,68.800048828125,32.064990234375,-3.701018745028705,DOWN,,-1.0,2025-04-04 13:00:00+00:00,3062.2935009765624,2025-04-04 19:00:00+00:00,3057.60009765625,3131.0935498046874,2924.6934033203124,time,469.3403320312427,445.3403320312427,5129.350097656243,-4470.649902343757,
2025-04-11 12:30:00+00:00,CPI,2026-06-19 19:26:19.459158+00:00,traded,3230.800048828125,3231.199951171875,3252.199951171875,3214.0,3251.10009765625,38.199951171875,29.04998779296875,16.173712447779053,UP,,1.0,2025-04-11 13:00:00+00:00,3255.104949951172,2025-04-11 19:00:00+00:00,3248.10009765625,3216.904998779297,3331.504852294922,time,-700.4852294921875,-724.4852294921875,789.5050048828125,-3700.4852294921875,
2025-05-02 12:30:00+00:00,JOBS,2026-06-19 19:26:19.460649+00:00,no_trade_taken,3269.89990234375,3269.89990234375,3272.699951171875,3256.60009765625,3257.60009765625,16.099853515625,11.44500732421875,0.7797547817413033,UP,short_break_blocked_by_trend,,,,,,,,,,,,,
2025-05-07 18:00:00+00:00,FOMC,2026-06-19 19:26:19.461787+00:00,no_trade_taken,3393.60009765625,3393.60009765625,3406.5,3383.0,3392.10009765625,23.5,19.0800048828125,4.480607507224249,UP,short_break_blocked_by_trend,,,,,,,,,,,,,
2025-05-13 12:30:00+00:00,CPI,2026-06-19 19:26:19.462947+00:00,traded,3253.10009765625,3253.0,3253.800048828125,3241.60009765625,3246.39990234375,12.199951171875,12.17996826171875,-2.8852291429338948,DOWN,,-1.0,2025-05-13 13:00:00+00:00,3240.3821008300783,2025-05-13 14:00:00+00:00,3252.5820520019533,3252.5820520019533,3215.9821984863283,stop,-1219.9951171875,-1243.9951171875,1088.2100830078343,-1301.7801513671657,
2025-06-06 12:30:00+00:00,JOBS,2026-06-19 19:26:19.464326+00:00,traded,3381.699951171875,3381.5,3385.199951171875,3345.10009765625,3376.199951171875,40.099853515625,18.2599853515625,-0.8044711055017615,DOWN,,-1.0,2025-06-06 14:00:00+00:00,3343.274099121094,2025-06-06 20:00:00+00:00,3331.0,3383.373952636719,3263.074392089844,time,1227.4099121093968,1203.4099121093968,3727.409912109397,-2452.594970703103,
2025-06-12 12:30:00+00:00,CPI,2026-06-19 19:26:19.465800+00:00,traded,3399.699951171875,3399.5,3411.39990234375,3378.89990234375,3409.199951171875,32.5,23.03497314453125,3.845565744776195,UP,,1.0,2025-06-12 13:00:00+00:00,3413.703399658203,2025-06-12 19:00:00+00:00,3408.5,3381.203399658203,3478.703399658203,time,-520.3399658203125,-544.3399658203125,609.6649169921875,-2810.3302001953125,
2025-06-18 18:00:00+00:00,FOMC,2026-06-19 19:26:19.467306+00:00,traded,3403.5,3403.5,3414.199951171875,3396.0,3397.10009765625,18.199951171875,9.26502685546875,-0.19629607643673808,DOWN,,-1.0,2025-06-18 19:00:00+00:00,3395.073497314453,2025-06-19 02:00:00+00:00,3393.89990234375,3413.273448486328,3358.673594970703,time,117.35949707031068,93.35949707031068,1497.3399658203107,-1012.6453857421893,
2025-07-04 12:30:00+00:00,JOBS,2026-06-19 19:26:19.468800+00:00,no_trade_taken,3344.60009765625,3344.5,3348.0,3341.10009765625,3343.699951171875,6.89990234375,8.214990234375,0.08683421698788152,UP,,,,,,,,,,,,,,
2025-07-11 12:30:00+00:00,CPI,2026-06-19 19:26:19.470030+00:00,traded,3358.699951171875,3358.89990234375,3369.199951171875,3355.60009765625,3367.0,13.599853515625,7.77994384765625,4.01153103284787,UP,,1.0,2025-07-11 13:00:00+00:00,3369.9779455566404,2025-07-11 19:00:00+00:00,3371.60009765625,3356.3780920410154,3397.1776525878904,time,162.21520996095933,138.21520996095933,1162.2152099609593,-827.7994384765407,
2025-07-30 18:00:00+00:00,FOMC,2026-06-19 19:26:19.471521+00:00,no_trade_taken,3354.89990234375,3354.39990234375,3358.5,3276.10009765625,3332.300048828125,82.39990234375,38.86497802734375,2.5057158428976436,UP,short_break_blocked_by_trend,,,,,,,,,,,,,
2025-08-01 12:30:00+00:00,JOBS,2026-06-19 19:26:19.472673+00:00,traded,3352.199951171875,3352.39990234375,3398.60009765625,3295.199951171875,3394.300048828125,103.400146484375,54.8399658203125,0.41173759594084913,UP,,1.0,2025-08-01 13:00:00+00:00,3404.084094238281,2025-08-01 19:00:00+00:00,3410.10009765625,3300.683947753906,3610.884387207031,time,601.6003417968932,577.6003417968932,1041.5905761718932,-6488.414306640607,
2025-08-13 12:30:00+00:00,CPI,2026-06-19 19:26:19.474161+00:00,no_trade_taken,3413.5,3413.5,3414.89990234375,3404.89990234375,3408.0,10.0,7.360009765625,0.35586860555758904,UP,long_break_skipped_other,,,,,,,,,,,,,
2025-09-05 12:30:00+00:00,JOBS,2026-06-19 19:26:19.475369+00:00,traded,3609.300048828125,3609.39990234375,3644.89990234375,3604.300048828125,3639.300048828125,40.599853515625,7.6749755859375,1.5446830602568298,UP,,1.0,2025-09-05 13:00:00+00:00,3645.6673999023437,2025-09-05 19:00:00+00:00,3646.5,3605.0675463867187,3726.8671069335937,time,83.26000976562682,59.26000976562682,983.2600097656268,-1966.7399902343732,
2025-09-11 12:30:00+00:00,CPI,2026-06-19 19:26:19.476832+00:00,no_trade_taken,3654.89990234375,3654.89990234375,3682.0,3651.0,3666.60009765625,31.0,8.19998779296875,-2.6222031477332166,DOWN,,,,,,,,,,,,,,
2025-09-17 18:00:00+00:00,FOMC,2026-06-19 19:26:19.478064+00:00,no_trade_taken,3722.300048828125,3722.39990234375,3744.0,3679.5,3685.89990234375,64.5,8.139990234375,1.330537420665678,UP,,,,,,,,,,,,,,
2025-10-03 12:30:00+00:00,JOBS,2026-06-19 19:26:19.479294+00:00,traded,3885.300048828125,3885.39990234375,3899.5,3883.699951171875,3898.39990234375,15.800048828125,10.5749755859375,1.1335799804260205,UP,,1.0,2025-10-03 13:00:00+00:00,3900.5574975585937,2025-10-03 19:00:00+00:00,3910.89990234375,3884.7574487304687,3932.1575952148437,time,1034.2404785156305,1010.2404785156305,1624.2551269531305,-985.7546386718695,
2025-10-13 12:30:00+00:00,CPI,2026-06-19 19:26:19.480769+00:00,traded,4093.199951171875,4093.199951171875,4105.60009765625,4092.300048828125,4099.2998046875,13.300048828125,22.125048828125,12.039125007023813,UP,,1.0,2025-10-13 13:00:00+00:00,4107.812602539063,2025-10-13 16:00:00+00:00,4134.412700195313,4094.512553710938,4134.412700195313,target,2660.009765625,2636.009765625,2938.7592773437063,-1041.2700195312937,
2025-10-29 18:00:00+00:00,FOMC,2026-06-19 19:26:19.482182+00:00,no_trade_taken,4009.0,4008.60009765625,4021.699951171875,3954.699951171875,3982.89990234375,67.0,20.6400146484375,1.1409401535152028,UP,short_break_blocked_by_trend,,,,,,,,,,,,,
2025-12-05 13:30:00+00:00,JOBS,2026-06-19 19:26:19.483437+00:00,traded,4259.0,4259.0,4269.60009765625,4251.39990234375,4264.89990234375,18.2001953125,14.16005859375,3.0080439413013664,UP,,1.0,2025-12-05 14:00:00+00:00,4271.016103515625,2025-12-05 15:00:00+00:00,4252.815908203125,4252.815908203125,4307.416494140625,stop,-1820.01953125,-1844.01953125,1948.3896484374782,-2551.610351562522,-1844.01953125
2025-12-10 19:00:00+00:00,FOMC,2026-06-19 19:26:19.484797+00:00,no_trade_taken,4221.89990234375,4221.7998046875,4249.0,4183.60009765625,4245.7001953125,65.39990234375,17.8249755859375,-1.1640577672787913,DOWN,long_break_blocked_by_trend,,,,,,,,,,,,,
2025-12-11 13:30:00+00:00,CPI,2026-06-19 19:26:19.485963+00:00,traded,4248.0,4248.0,4250.7998046875,4217.39990234375,4248.60009765625,33.39990234375,23.1349609375,1.0654955455283925,UP,,1.0,2025-12-11 14:00:00+00:00,4253.11330078125,2025-12-11 20:00:00+00:00,4304.7998046875,4219.7133984375,4319.91310546875,time,5168.650390625044,5144.650390625044,6418.650390625044,-2811.3300781249563,
2026-01-02 13:30:00+00:00,JOBS,2026-06-19 19:26:19.487461+00:00,no_trade_taken,4407.0,4407.0,4414.7998046875,4373.60009765625,4377.60009765625,41.19970703125,19.2549560546875,5.844999583737263,UP,short_break_blocked_by_trend,,,,,,,,,,,,,
2026-01-13 13:30:00+00:00,CPI,2026-06-19 19:26:19.488644+00:00,traded,4602.0,4601.7001953125,4629.2998046875,4599.10009765625,4619.5,30.19970703125,14.945068359375,5.44236161221761,UP,,1.0,2026-01-13 14:00:00+00:00,4630.7943115234375,2026-01-13 17:00:00+00:00,4600.5946044921875,4600.5946044921875,4691.1937255859375,stop,-3019.970703125,-3043.970703125,1320.56884765625,-3579.43115234375,
2026-01-28 19:00:00+00:00,FOMC,2026-06-19 19:26:19.490065+00:00,traded,5317.2998046875,5315.0,5365.89990234375,5301.0,5359.10009765625,64.89990234375,33.80498046875,31.30082966734244,UP,,1.0,2026-01-28 20:00:00+00:00,5369.280400390625,2026-01-28 23:00:00+00:00,5499.080205078125,5304.380498046875,5499.080205078125,target,12979.98046875,12955.98046875,25751.94042968751,-1588.049804687489,
2026-02-06 13:30:00+00:00,JOBS,2026-06-19 19:26:19.491439+00:00,traded,4921.7001953125,4922.0,4961.0,4918.2001953125,4951.0,42.7998046875,57.475,1.0758516066753145,UP,,1.0,2026-02-06 14:00:00+00:00,4966.7475,2026-02-06 14:00:00+00:00,4923.9476953125,4923.9476953125,5052.347109375,stop,-4279.98046875,-4303.98046875,695.26953124996,-5054.73046875004,
2026-02-12 13:30:00+00:00,CPI,2026-06-19 19:26:19.492755+00:00,no_trade_taken,5074.2001953125,5074.39990234375,5106.7001953125,5073.10009765625,5098.2001953125,33.60009765625,22.1098876953125,1.8163949103818595,UP,short_break_blocked_by_trend,,,,,,,,,,,,,
2026-03-06 13:30:00+00:00,JOBS,2026-06-19 19:26:19.493970+00:00,no_trade_taken,5091.89990234375,5091.60009765625,5140.0,5073.89990234375,5093.7998046875,66.10009765625,26.794970703125,-9.50016374794177,DOWN,long_break_blocked_by_trend,,,,,,,,,,,,,
2026-03-12 12:30:00+00:00,CPI,2026-06-19 19:26:19.495181+00:00,no_trade_taken,5184.7998046875,5185.0,5192.2998046875,5168.5,5187.7001953125,23.7998046875,20.8400390625,2.2883197341052437,UP,short_break_blocked_by_trend,,,,,,,,,,,,,
2026-03-18 18:00:00+00:00,FOMC,2026-06-19 19:26:19.496342+00:00,traded,4895.10009765625,4895.2001953125,4904.5,4856.2001953125,4857.2998046875,48.2998046875,25.08994140625,-22.834861318459843,DOWN,,-1.0,2026-03-18 19:00:00+00:00,4853.691201171875,2026-03-19 02:00:00+00:00,4859.5,4901.991005859375,4757.091591796875,time,-580.8798828124964,-604.8798828124964,4769.120117187504,-1520.8701171874964,
2026-04-03 12:30:00+00:00,JOBS,2026-06-19 19:26:19.497820+00:00,no_bar,,,,,,,,,,,,,,,,,,,,,,,
2026-04-13 12:30:00+00:00,CPI,2026-06-19 19:26:19.498357+00:00,no_trade_taken,4729.10009765625,4728.60009765625,4747.7998046875,4725.60009765625,4745.89990234375,22.19970703125,24.535009765625,-3.8426451427685606,DOWN,long_break_blocked_by_trend,,,,,,,,,,,,,
2026-04-29 18:00:00+00:00,FOMC,2026-06-19 19:26:19.499544+00:00,no_trade_taken,4561.7998046875,4561.2001953125,4567.0,4532.0,4552.7001953125,35.0,19.764990234375,-14.096425134595847,DOWN,,,,,,,,,,,,,,
2026-05-01 12:30:00+00:00,JOBS,2026-06-19 19:26:19.500749+00:00,no_trade_taken,4590.0,4589.5,4619.2998046875,4586.0,4602.10009765625,33.2998046875,14.4900146484375,-6.534574901929773,DOWN,long_break_blocked_by_trend,,,,,,,,,,,,,
2026-05-13 12:30:00+00:00,CPI,2026-06-19 19:26:19.501936+00:00,traded,4705.2001953125,4704.89990234375,4709.39990234375,4682.0,4690.7001953125,27.39990234375,15.3400634765625,-0.8652717938139176,DOWN,,-1.0,2026-05-13 13:00:00+00:00,4680.465993652344,2026-05-13 15:00:00+00:00,4707.865895996094,4707.865895996094,4625.666188964844,stop,-2739.990234375,-2763.990234375,446.5993652343968,-2753.400634765603,
2026-06-05 12:30:00+00:00,JOBS,2026-06-19 19:26:19.503341+00:00,traded,4497.0,4497.39990234375,4502.7998046875,4430.10009765625,4432.10009765625,72.69970703125,13.0900390625,-0.4980404474599709,DOWN,,-1.0,2026-06-05 13:00:00+00:00,4428.79109375,2026-06-05 19:00:00+00:00,4343.5,4501.49080078125,4283.3916796875,time,8529.109375000007,8505.109375000007,9049.128906250007,-1780.9003906249927,
2026-06-11 12:30:00+00:00,CPI,2026-06-19 19:26:19.504822+00:00,no_trade_taken,4100.7001953125,4100.89990234375,4107.7998046875,4078.0,4102.5,29.7998046875,27.42491455078125,-16.488554051930805,DOWN,long_break_blocked_by_trend,,,,,,,,,,,,,
2026-06-17 18:00:00+00:00,FOMC,2026-06-19 19:26:19.506002+00:00,no_trade_taken,4401.10009765625,4399.60009765625,4399.60009765625,4288.2998046875,4305.2001953125,111.30029296875,14.78994140625,7.197464732080334,UP,short_break_blocked_by_trend,,,,,,,,,,,,,
