open_ts,took_trade,or_high,or_low,or_range,trend_slope,session,direction,entry_ts,exit_ts,entry_price,exit_price,stop_price,target_price,gross_pnl,net_pnl,mae_price,mfe_price,mae_dollars,mfe_dollars,mae_price_distance,mfe_price_distance
2026-06-21 22:00:00+00:00,False,4176.0,4151.39990234375,24.60009765625,-19.35480052252388,LON,,,,,,,,,,,,,,,
2026-06-21 22:00:00+00:00,False,4176.0,4151.39990234375,24.60009765625,-19.35480052252388,NY,,,,,,,,,,,,,,,
2026-06-21 22:00:00+00:00,False,4176.0,4151.39990234375,24.60009765625,-19.35480052252388,ASIA,,,,,,,,,,,,,,,
2026-06-21 23:00:00+00:00,True,4181.5,4170.39990234375,11.10009765625,-20.63500442360146,ASIA,-1.0,2026-06-21 23:30:00+00:00,2026-06-21 23:45:00+00:00,4170.39990234375,4153.749755859375,4181.5,4153.749755859375,1665.0146484375,1646.0146484375,2.5,17.5,250.0,1750.0,,
2026-06-22 07:00:00+00:00,True,4219.7001953125,4172.89990234375,46.80029296875,-10.68479781536189,LON,-1.0,2026-06-22 07:35:00+00:00,2026-06-22 09:00:00+00:00,4172.89990234375,4219.7001953125,4219.7001953125,4102.699462890625,-4680.029296875,-4699.029296875,48.10009765625,0.0,4810.009765625,0.0,,
2026-06-22 13:30:00+00:00,False,4224.5,4172.89990234375,51.60009765625,-5.697187664432022,NY,,,,,,,,,,,,,,,
2026-06-22 23:00:00+00:00,False,4210.7998046875,4207.5,3.2998046875,-7.1783911101783815,ASIA,,,,,,,,,,,,,,,
2026-06-23 07:00:00+00:00,True,4142.7001953125,4127.5,15.2001953125,-16.58915818643345,LON,-1.0,2026-06-23 07:40:00+00:00,2026-06-23 09:40:00+00:00,4127.5,4134.7001953125,4142.7001953125,4104.69970703125,-720.01953125,-739.01953125,11.0,19.2998046875,1100.0,1929.98046875,,
2026-06-23 13:30:00+00:00,False,4158.5,4127.89990234375,30.60009765625,-12.09642708487263,NY,,,,,,,,,,,,,,,
2026-06-23 23:00:00+00:00,True,4120.89990234375,4111.89990234375,9.0,-11.402879550783837,ASIA,-1.0,2026-06-23 23:30:00+00:00,2026-06-23 23:35:00+00:00,4111.89990234375,4098.39990234375,4120.89990234375,4098.39990234375,1350.0,1331.0,3.10009765625,14.0,310.009765625,1400.0,,
2026-06-24 07:00:00+00:00,True,4107.7998046875,4100.0,7.7998046875,-14.234085724364377,LON,-1.0,2026-06-24 07:30:00+00:00,2026-06-24 09:05:00+00:00,4100.0,4088.30029296875,4107.7998046875,4088.30029296875,1169.970703125,1150.970703125,4.7998046875,13.199951171875,479.98046875,1319.9951171875,,
2026-06-24 13:30:00+00:00,False,4059.0,3990.0,69.0,-17.725727984497098,NY,,,,,,,,,,,,,,,
2026-06-24 23:00:00+00:00,False,4016.300048828125,4006.0,10.300048828125,-18.927870555248774,ASIA,,,,,,,,,,,,,,,
2026-06-25 07:00:00+00:00,True,4005.5,3988.5,17.0,-14.93189662578652,LON,-1.0,2026-06-25 07:45:00+00:00,2026-06-25 08:00:00+00:00,3988.5,4005.5,4005.5,3963.0,-1700.0,-1719.0,22.60009765625,1.89990234375,2260.009765625,189.990234375,,
2026-06-25 13:30:00+00:00,True,4044.199951171875,4016.60009765625,27.599853515625,-10.821128626260816,NY,-1.0,2026-06-25 14:00:00+00:00,2026-06-25 14:25:00+00:00,4016.60009765625,4044.199951171875,4044.199951171875,3975.200317382813,-2759.9853515625,-2778.9853515625,28.39990234375,1.5,2839.990234375,150.0,,
2026-06-25 23:00:00+00:00,True,4045.699951171875,4036.5,9.199951171875,-2.804136625754836,ASIA,-1.0,2026-06-25 23:30:00+00:00,2026-06-26 01:30:00+00:00,4036.5,4035.89990234375,4045.699951171875,4022.700073242188,60.009765625,41.009765625,9.0,10.199951171875,900.0,1019.9951171875,,
2026-06-26 07:00:00+00:00,True,4055.5,4042.5,13.0,-3.1092636494613544,LON,-1.0,2026-06-26 08:00:00+00:00,2026-06-26 09:10:00+00:00,4042.5,4055.5,4055.5,4023.0,-1300.0,-1319.0,14.5,1.300048828125,1450.0,130.0048828125,,
2026-06-26 13:30:00+00:00,True,4093.10009765625,4059.39990234375,33.7001953125,4.4710073657829525,NY,1.0,2026-06-26 14:00:00+00:00,2026-06-26 16:00:00+00:00,4093.10009765625,4106.89990234375,4059.39990234375,4143.650390625,1379.98046875,1360.98046875,10.10009765625,18.39990234375,1010.009765625,1839.990234375,,
2026-06-28 22:10:00+00:00,False,4092.39990234375,4067.10009765625,25.2998046875,5.421927346315442,LON,,,,,,,,,,,,,,,
2026-06-28 22:10:00+00:00,False,4092.39990234375,4067.10009765625,25.2998046875,5.421927346315442,NY,,,,,,,,,,,,,,,
2026-06-28 22:10:00+00:00,False,4092.39990234375,4067.10009765625,25.2998046875,5.421927346315442,ASIA,,,,,,,,,,,,,,,
2026-06-28 23:00:00+00:00,False,4084.800048828125,4069.199951171875,15.60009765625,4.703414647073259,ASIA,,,,,,,,,,,,,,,
2026-06-29 07:00:00+00:00,True,4081.10009765625,4070.699951171875,10.400146484375,1.6741407425570287,LON,1.0,2026-06-29 07:50:00+00:00,2026-06-29 08:40:00+00:00,4081.10009765625,4070.699951171875,4070.699951171875,4096.7003173828125,-1040.0146484375,-1059.0146484375,12.300048828125,2.099853515625,1230.0048828125,209.9853515625,,
2026-06-29 13:30:00+00:00,True,4058.800048828125,4042.199951171875,16.60009765625,-2.8102571439171697,NY,-1.0,2026-06-29 14:00:00+00:00,2026-06-29 14:15:00+00:00,4042.199951171875,4017.2998046875,4058.800048828125,4017.2998046875,2490.0146484375,2471.0146484375,,,740.0146484375,3019.9951171875,7.400146484375,30.199951171875
2026-06-29 23:00:00+00:00,True,4036.699951171875,4028.199951171875,8.5,-5.550903108957755,ASIA,-1.0,2026-06-29 23:40:00+00:00,2026-06-30 00:30:00+00:00,4028.199951171875,4015.449951171875,4036.699951171875,4015.449951171875,1275.0,1256.0,,,450.0,1400.0,4.5,14.0
2026-06-30 07:00:00+00:00,False,4048.699951171875,4037.5,11.199951171875,-5.898096379498384,LON,,,,,,,,,,,,,,,
2026-06-30 13:30:00+00:00,False,4047.0,4027.199951171875,19.800048828125,-0.1701559499442737,NY,,,,,,,,,,,,,,,
2026-06-30 23:00:00+00:00,True,4031.800048828125,4021.300048828125,10.5,-2.3857511593655545,ASIA,-1.0,2026-06-30 23:45:00+00:00,2026-07-01 01:00:00+00:00,4021.300048828125,4005.550048828125,4031.800048828125,4005.550048828125,1575.0,1556.0,,,189.990234375,1850.0,1.89990234375,18.5
2026-07-01 07:00:00+00:00,False,3986.699951171875,3973.0,13.699951171875,-8.248373663805069,LON,,,,,,,,,,,,,,,
2026-07-01 13:30:00+00:00,True,4122.60009765625,4055.300048828125,67.300048828125,3.032281899955251,NY,1.0,2026-07-01 14:30:00+00:00,2026-07-01 16:30:00+00:00,4122.60009765625,4090.60009765625,4055.300048828125,4223.5501708984375,-3200.0,-3219.0,,,3290.0146484375,839.990234375,32.900146484375,8.39990234375
2026-07-01 23:00:00+00:00,False,4057.10009765625,4046.10009765625,11.0,3.319499273465226,ASIA,,,,,,,,,,,,,,,
2026-07-02 07:00:00+00:00,False,4086.89990234375,4073.5,13.39990234375,6.596422374342637,LON,,,,,,,,,,,,,,,
2026-07-02 13:30:00+00:00,False,4157.10009765625,4122.60009765625,34.5,9.66431400136753,NY,,,,,,,,,,,,,,,
2026-07-02 23:00:00+00:00,True,4142.7001953125,4136.89990234375,5.80029296875,11.779769674071758,ASIA,1.0,2026-07-02 23:30:00+00:00,2026-07-02 23:35:00+00:00,4142.7001953125,4136.89990234375,4136.89990234375,4151.400634765625,-580.029296875,-599.029296875,,,850.0,639.990234375,8.5,6.39990234375
2026-07-05 22:00:00+00:00,True,4199.7001953125,4184.39990234375,15.30029296875,19.111621437806207,ASIA,1.0,2026-07-05 22:30:00+00:00,2026-07-06 00:00:00+00:00,4199.7001953125,4184.39990234375,4184.39990234375,4222.650634765625,-1530.029296875,-1554.029296875,,,1730.029296875,1439.990234375,17.30029296875,14.39990234375
2026-07-05 23:00:00+00:00,False,4214.10009765625,4187.2998046875,26.80029296875,19.74254590348073,ASIA,,,,,,,,,,,,,,,
2026-07-06 07:00:00+00:00,True,4187.2998046875,4158.7001953125,28.599609375,9.682141013669025,LON,1.0,2026-07-06 07:30:00+00:00,2026-07-06 08:45:00+00:00,4187.2998046875,4158.7001953125,4158.7001953125,4230.19921875,-2859.9609375,-2883.9609375,,,2919.970703125,0.0,29.19970703125,0.0
2026-07-06 13:30:00+00:00,False,4187.2998046875,4147.10009765625,40.19970703125,5.799539822170118,NY,,,,,,,,,,,,,,,
2026-07-06 23:00:00+00:00,False,4176.60009765625,4174.0,2.60009765625,7.155800391357843,ASIA,,,,,,,,,,,,,,,
2026-07-07 07:00:00+00:00,False,4143.39990234375,4135.7998046875,7.60009765625,-1.2383449103117528,LON,,,,,,,,,,,,,,,
2026-07-07 13:30:00+00:00,False,4192.39990234375,4167.2998046875,25.10009765625,3.5331295870928443,NY,,,,,,,,,,,,,,,
2026-07-07 23:00:00+00:00,True,4118.89990234375,4107.2998046875,11.60009765625,-5.369728468715948,ASIA,-1.0,2026-07-07 23:45:00+00:00,2026-07-08 00:30:00+00:00,4107.2998046875,4118.89990234375,4118.89990234375,4089.899658203125,-1160.009765625,-1184.009765625,,,1310.009765625,100.0,13.10009765625,1.0
2026-07-08 07:00:00+00:00,False,4135.7998046875,4125.39990234375,10.39990234375,-1.1293286600730426,LON,,,,,,,,,,,,,,,
2026-07-08 13:30:00+00:00,True,4091.5,4077.39990234375,14.10009765625,-11.935703906150591,NY,-1.0,2026-07-08 14:00:00+00:00,2026-07-08 14:35:00+00:00,4077.39990234375,4056.249755859375,4091.5,4056.249755859375,2115.0146484375,2091.0146484375,,,460.009765625,2450.0,4.60009765625,24.5
2026-07-08 23:00:00+00:00,True,4087.5,4083.60009765625,3.89990234375,-4.983211098773609,ASIA,-1.0,2026-07-08 23:40:00+00:00,2026-07-09 00:00:00+00:00,4083.60009765625,4087.5,4087.5,4077.750244140625,-389.990234375,-413.990234375,,,739.990234375,250.0,7.39990234375,2.5
2026-07-09 07:00:00+00:00,False,4119.89990234375,4111.2998046875,8.60009765625,-2.098373630408787,LON,,,,,,,,,,,,,,,
2026-07-09 13:30:00+00:00,True,4139.60009765625,4127.60009765625,12.0,2.370607641096285,NY,1.0,2026-07-09 14:00:00+00:00,2026-07-09 14:15:00+00:00,4139.60009765625,4127.60009765625,4127.60009765625,4157.60009765625,-1200.0,-1224.0,,,1410.009765625,779.98046875,14.10009765625,7.7998046875
2026-07-09 23:00:00+00:00,False,4134.2001953125,4130.10009765625,4.10009765625,3.600930367991168,ASIA,,,,,,,,,,,,,,,
2026-07-10 07:00:00+00:00,False,4124.39990234375,4117.5,6.89990234375,0.9172477405481914,LON,,,,,,,,,,,,,,,
2026-07-10 13:30:00+00:00,False,4114.2998046875,4095.300048828125,18.999755859375,-1.360418608431246,NY,,,,,,,,,,,,,,,
2026-07-12 22:10:00+00:00,True,4102.2001953125,4087.39990234375,14.80029296875,-1.8760220026379104,ASIA,-1.0,2026-07-12 22:40:00+00:00,2026-07-13 00:40:00+00:00,4087.39990234375,4081.89990234375,4102.2001953125,4065.199462890625,550.0,526.0,,,1230.029296875,1800.0,12.30029296875,18.0
2026-07-12 23:00:00+00:00,False,4084.10009765625,4075.800048828125,8.300048828125,-2.457362132436174,ASIA,,,,,,,,,,,,,,,
2026-07-13 07:00:00+00:00,False,4069.300048828125,4056.5,12.800048828125,-7.939591147273859,LON,,,,,,,,,,,,,,,
2026-07-13 13:30:00+00:00,True,4071.800048828125,4049.0,22.800048828125,-6.313644998011114,NY,-1.0,2026-07-13 14:00:00+00:00,2026-07-13 14:15:00+00:00,4049.0,4014.799926757813,4071.800048828125,4014.799926757813,3420.00732421875,3396.00732421875,,,550.0,3439.990234375,5.5,34.39990234375
2026-07-13 23:00:00+00:00,True,4009.89990234375,4003.89990234375,6.0,-13.483455315418269,ASIA,-1.0,2026-07-13 23:30:00+00:00,2026-07-14 00:00:00+00:00,4003.89990234375,4009.89990234375,4009.89990234375,3994.89990234375,-600.0,-624.0,,,790.0146484375,479.98046875,7.900146484375,4.7998046875
2026-07-14 07:00:00+00:00,True,4036.39990234375,4027.199951171875,9.199951171875,-6.191271355869958,LON,-1.0,2026-07-14 07:55:00+00:00,2026-07-14 09:55:00+00:00,4027.199951171875,4028.699951171875,4036.39990234375,4013.400024414064,-150.0,-174.0,,,519.9951171875,709.9853515625,5.199951171875,7.099853515625
2026-07-14 13:30:00+00:00,True,4096.39990234375,4081.60009765625,14.7998046875,-0.3179875733367225,NY,-1.0,2026-07-14 14:00:00+00:00,2026-07-14 14:30:00+00:00,4081.60009765625,4096.39990234375,4096.39990234375,4059.400390625,-1479.98046875,-1503.98046875,,,1679.98046875,370.01953125,16.7998046875,3.7001953125
2026-07-14 23:00:00+00:00,True,4060.0,4052.699951171875,7.300048828125,0.0987872045943731,ASIA,1.0,2026-07-14 23:30:00+00:00,2026-07-15 01:30:00+00:00,4060.0,4057.0,4052.699951171875,4070.950073242188,-300.0,-324.0,,,680.0048828125,860.009765625,6.800048828125,8.60009765625
2026-07-15 07:00:00+00:00,True,4040.60009765625,4025.800048828125,14.800048828125,-3.67146807020481,LON,-1.0,2026-07-15 07:35:00+00:00,2026-07-15 09:00:00+00:00,4025.800048828125,4040.60009765625,4040.60009765625,4003.5999755859375,-1480.0048828125,-1504.0048828125,,,1480.0048828125,250.0,14.800048828125,2.5
2026-07-15 13:30:00+00:00,True,4073.10009765625,4061.699951171875,11.400146484375,-0.1237948889997824,NY,-1.0,2026-07-15 14:45:00+00:00,2026-07-15 16:10:00+00:00,4061.699951171875,4044.599731445313,4073.10009765625,4044.599731445313,1710.02197265625,1686.02197265625,,,790.0146484375,1789.990234375,7.900146484375,17.89990234375
2026-07-15 23:00:00+00:00,False,4068.0,4062.60009765625,5.39990234375,2.09906071552723,ASIA,,,,,,,,,,,,,,,
2026-07-16 07:00:00+00:00,True,4035.800048828125,4028.699951171875,7.10009765625,-3.239766616606176,LON,-1.0,2026-07-16 07:30:00+00:00,2026-07-16 07:45:00+00:00,4028.699951171875,4035.800048828125,4035.800048828125,4018.0498046875,-710.009765625,-734.009765625,,,840.0146484375,89.990234375,8.400146484375,0.89990234375
2026-07-16 13:30:00+00:00,False,4012.60009765625,3985.5,27.10009765625,-5.501500415725786,NY,,,,,,,,,,,,,,,
2026-07-16 23:00:00+00:00,False,3984.300048828125,3978.60009765625,5.699951171875,-9.85090439130272,ASIA,,,,,,,,,,,,,,,
2026-07-17 07:00:00+00:00,True,4006.60009765625,3997.10009765625,9.5,-5.43854890612738,LON,-1.0,2026-07-17 07:55:00+00:00,2026-07-17 09:55:00+00:00,3997.10009765625,4001.800048828125,4006.60009765625,3982.85009765625,-469.9951171875,-493.9951171875,,,939.990234375,580.0048828125,9.39990234375,5.800048828125
2026-07-17 13:30:00+00:00,False,4007.89990234375,3967.10009765625,40.7998046875,-4.534910254995793,NY,,,,,,,,,,,,,,,
