ts_utc,event,value,prior,delta,trailing_mean,trailing_std,surprise_z,expected_dir
2020-01-02 13:30:00+00:00,CLAIMS,231000,230000.0,1000.0,1875.0,10162.079371017366,-0.08610442489708682,-1
2020-01-03 13:30:00+00:00,NFP,151794,151667.0,127.0,170.83333333333334,91.62654769456381,-0.4783911915949439,1
2020-01-03 13:30:00+00:00,UNRATE,3.6,3.6,0.0,-0.016666666666666646,0.10298573010888737,0.16183471874253733,1
2020-01-09 13:30:00+00:00,CLAIMS,224000,231000.0,-7000.0,2125.0,10105.691465703847,-0.9029565201914125,-1
2020-01-10 13:30:00+00:00,PPI,199.0,199.0,0.0,-0.27500000000000097,1.129058336523285,0.2435658026730575,-1
2020-01-13 13:30:00+00:00,CPI,2.3195274699624457,,0.533324018896449,1.7862034510659968,0.18751732062281853,2.8441320360437685,-1
2020-01-15 13:30:00+00:00,RETAIL,515866,514215.0,1651.0,1280.0833333333333,4442.551917296949,0.08349180236307724,-1
2020-01-16 13:30:00+00:00,CLAIMS,207000,224000.0,-17000.0,-375.0,9485.891779750726,-1.752602747955541,-1
2020-01-23 13:30:00+00:00,CLAIMS,221000,207000.0,14000.0,-2750.0,11055.057019947259,1.5151437002791606,1
2020-01-30 13:30:00+00:00,CLAIMS,210000,221000.0,-11000.0,0.0,12235.778917350755,-0.8990028403015374,-1
2020-02-06 13:30:00+00:00,CLAIMS,207000,210000.0,-3000.0,-2625.0,12034.919431150554,-0.03115932783308625,-1
2020-02-07 13:30:00+00:00,UNRATE,3.6,3.6,0.0,-0.024999999999999984,0.09653072991634218,0.2589848851414062,1
2020-02-07 13:30:00+00:00,NFP,152031,151794.0,237.0,165.41666666666666,92.1811046831507,0.7765510467615135,-1
2020-02-12 13:30:00+00:00,PPI,199.3,199.0,0.30000000000001137,-0.16666666666666666,1.0832051206181272,0.43082021842767537,-1
2020-02-13 13:30:00+00:00,CLAIMS,202000,207000.0,-5000.0,-5000.0,9426.406677899184,0.0,0
2020-02-13 13:30:00+00:00,CPI,2.599767976845202,,0.787135645310677,1.812632331534525,0.23666435573366054,3.325957738209259,-1
2020-02-17 13:30:00+00:00,RETAIL,515119,515866.0,-747.0,2229.4166666666665,2779.1012104417478,-1.0709997374271787,1
2020-02-20 13:30:00+00:00,CLAIMS,209000,202000.0,7000.0,-4250.0,9114.352888243247,1.234316921666656,1
2020-02-27 13:30:00+00:00,CLAIMS,218000,209000.0,9000.0,-2625.0,9884.150371753156,1.1761253686732478,1
2020-03-05 13:30:00+00:00,CLAIMS,215000,218000.0,-3000.0,-1625.0,10676.241981949563,-0.12879063647346392,-1
2020-03-06 13:30:00+00:00,NFP,152293,152031.0,262.0,164.25,91.08150695443524,1.0732145664750667,-1
2020-03-06 13:30:00+00:00,UNRATE,3.5,3.6,-0.10000000000000009,-0.033333333333333326,0.08876253645985933,-0.7510676161988129,-1
2020-03-11 12:30:00+00:00,PPI,196.7,199.3,-2.6000000000000227,0.01666666666666809,0.9398581453247774,-2.784108090867772,1
2020-03-12 12:30:00+00:00,CPI,2.3413166797595197,,0.4360027966403226,1.9053138831191971,0.3055488860360862,1.4269493903140247,-1
2020-03-12 12:30:00+00:00,CLAIMS,208000,215000.0,-7000.0,-1125.0,10480.423928176055,-0.5605689273890323,-1
2020-03-16 12:30:00+00:00,RETAIL,515330,515119.0,211.0,2056.5833333333335,2902.0945870912346,-0.6359487183989958,1
2020-03-19 12:30:00+00:00,CLAIMS,273000,208000.0,65000.0,125.0,8773.946823245646,7.394049828079712,1
2020-03-26 12:30:00+00:00,CLAIMS,2914000,273000.0,2641000.0,6500.0,24582.22354234283,107.17093982414077,1
2020-04-02 12:30:00+00:00,CLAIMS,5946000,2914000.0,3032000.0,338000.0,930850.3025268272,2.894128081268318,1
2020-04-03 12:30:00+00:00,NFP,150895,152293.0,-1398.0,185.5,80.1492925165846,-19.75688056974851,1
2020-04-03 12:30:00+00:00,UNRATE,4.4,3.5,0.9000000000000004,-0.024999999999999984,0.07537783614444074,12.271511724315012,1
2020-04-09 12:30:00+00:00,CLAIMS,6137000,5946000.0,191000.0,717375.0,1312322.253270351,-0.4011019387107517,-1
2020-04-10 12:30:00+00:00,PPI,193.1,196.7,-3.5999999999999943,-0.20833333333333334,1.2041280008471897,-2.8166994408238843,1
2020-04-13 12:30:00+00:00,CPI,1.4940399642909163,,-0.4798118475472257,1.973851811838142,0.30321684240120694,-1.5824050001561385,1
2020-04-15 12:30:00+00:00,RETAIL,468324,515330.0,-47006.0,1964.9166666666667,2944.8434580507405,-16.629378560951295,1
2020-04-16 12:30:00+00:00,CLAIMS,4869000,6137000.0,-1268000.0,741875.0,1298668.0470499655,-1.547643375507391,-1
2020-04-23 12:30:00+00:00,CLAIMS,4201000,4869000.0,-668000.0,582500.0,1468824.7974875306,-0.8513608989574646,-1
2020-04-30 12:30:00+00:00,CLAIMS,3446000,4201000.0,-755000.0,497875.0,1525014.3266305963,-0.8215496589911601,-1
2020-05-01 12:30:00+00:00,NFP,130426,150895.0,-20469.0,50.0,462.7984049630719,-44.33679930603321,1
2020-05-01 12:30:00+00:00,UNRATE,14.8,4.4,10.4,0.050000000000000044,0.2779797245712847,37.232931344047934,1
2020-05-07 12:30:00+00:00,CLAIMS,2796000,3446000.0,-650000.0,403875.0,1582394.7888744904,-0.6660000446219805,-1
2020-05-12 12:30:00+00:00,PPI,185.5,193.1,-7.599999999999994,-0.641666666666668,1.4119350573098612,-4.928224777271934,1
2020-05-13 12:30:00+00:00,CPI,0.3130472940411133,,-1.6283756522124049,1.9414229462535182,0.33312904899252727,-4.888122657381742,1
2020-05-14 12:30:00+00:00,CLAIMS,2335000,2796000.0,-461000.0,323500.0,1622078.2965072924,-0.4836387994890314,-1
2020-05-15 12:30:00+00:00,RETAIL,401028,468324.0,-67296.0,-2580.6666666666665,14188.674012832358,-4.561055760024104,1
2020-05-21 12:30:00+00:00,CLAIMS,2176000,2335000.0,-159000.0,257750.0,1644558.1039120683,-0.2534115389469285,-1
2020-05-28 12:30:00+00:00,CLAIMS,1921000,2176000.0,-255000.0,-92250.0,1333405.923619232,-0.1220558549479453,-1
2020-06-04 12:30:00+00:00,CLAIMS,1639000,1921000.0,-282000.0,-503125.0,440908.61946018453,0.5015211548159999,1
2020-06-05 12:30:00+00:00,UNRATE,13.2,14.8,-1.6000000000000014,0.9250000000000002,2.9963993543766976,-0.8426780616915615,-1
2020-06-05 12:30:00+00:00,NFP,133040,130426.0,2614.0,-1680.4166666666667,5934.4353251836765,0.7236436882954405,-1
2020-06-10 12:30:00+00:00,PPI,188.6,185.5,3.0999999999999943,-1.3833333333333329,2.3350426639409045,1.9200220203971363,-1
2020-06-11 12:30:00+00:00,CLAIMS,1575000,1639000.0,-64000.0,-562250.0,358553.3433117032,1.389611920497011,1
2020-06-11 12:30:00+00:00,CPI,0.1982013035848551,,-1.6025936279880009,1.800794931572856,0.5745762890304866,-2.7891746641549426,1
2020-06-15 12:30:00+00:00,RETAIL,478449,401028.0,77421.0,-8192.916666666666,23389.35980101882,3.6603787959573566,-1
2020-06-18 12:30:00+00:00,CLAIMS,1473000,1575000.0,-102000.0,-411750.0,258813.6395169313,1.1968070947811718,1
2020-06-25 12:30:00+00:00,CLAIMS,1467000,1473000.0,-6000.0,-341000.0,256104.8892264932,1.3080578079231193,1
2020-07-02 12:30:00+00:00,CLAIMS,1446000,1467000.0,-21000.0,-247375.0,217068.74322599822,1.0428723944115377,1
2020-07-03 12:30:00+00:00,NFP,137671,133040.0,4631.0,-1464.8333333333333,6048.003259278423,1.007908407453573,-1
2020-07-03 12:30:00+00:00,UNRATE,11.0,13.2,-2.1999999999999993,0.7999999999999998,3.073345822626303,-0.9761348618543595,-1
2020-07-09 12:30:00+00:00,CLAIMS,1413000,1446000.0,-33000.0,-168750.0,155616.51583299268,0.87233671357664,1
2020-07-10 12:30:00+00:00,PPI,191.2,188.6,2.5999999999999943,-1.0916666666666661,2.6643977089607214,1.3855539112089377,-1
2020-07-13 12:30:00+00:00,CPI,0.7166562831830481,,-0.9509962107418277,1.6676524939248758,0.7377531372028485,-1.289043940019664,1
2020-07-15 12:30:00+00:00,RETAIL,518038,478449.0,39589.0,-2191.0,34019.29577861257,1.2281265394760603,-1
2020-07-16 12:30:00+00:00,CLAIMS,1468000,1413000.0,55000.0,-115250.0,106660.67691515961,1.5961833819545401,1
2020-07-23 12:30:00+00:00,CLAIMS,1393000,1468000.0,-75000.0,-88500.0,120108.28447696712,0.11239857482594269,1
2020-07-30 12:30:00+00:00,CLAIMS,1260000,1393000.0,-133000.0,-66000.0,99564.76714753527,-0.6729288072428198,-1
2020-08-06 12:30:00+00:00,CLAIMS,1044000,1260000.0,-216000.0,-47375.0,59100.24776356143,-2.8532029286003544,-1
2020-08-07 12:30:00+00:00,NFP,139255,137671.0,1584.0,-1097.25,6288.95777064126,0.4263425034457822,-1
2020-08-07 12:30:00+00:00,UNRATE,10.2,11.0,-0.8000000000000007,0.6166666666666666,3.1888536935375194,-0.4442557742732637,-1
2020-08-12 12:30:00+00:00,PPI,193.0,191.2,1.8000000000000114,-0.7583333333333352,2.8649792426134693,0.8929674935444221,-1
2020-08-13 12:30:00+00:00,CLAIMS,884000,1044000.0,-160000.0,-66375.0,84278.34410875873,-1.1109022251217904,-1
2020-08-13 12:30:00+00:00,CPI,0.9968647625897997,,-0.5912428470678261,1.5881076096576259,0.7871426569830834,-0.7511254050617824,1
2020-08-17 12:30:00+00:00,RETAIL,526304,518038.0,8266.0,1065.5833333333333,36107.72558597985,0.19941484958727204,-1
2020-08-20 12:30:00+00:00,CLAIMS,927000,884000.0,43000.0,-73625.0,90076.05913100045,1.2947391473952983,1
2020-08-27 12:30:00+00:00,CLAIMS,876000,927000.0,-51000.0,-67500.0,96750.04614247731,0.170542554322936,1
2020-09-03 12:30:00+00:00,CLAIMS,881000,876000.0,5000.0,-71250.0,95260.17006073451,0.8004394696270823,1
2020-09-04 12:30:00+00:00,NFP,140821,139255.0,1566.0,-973.5,6329.118903205176,0.40124068434137855,-1
2020-09-04 12:30:00+00:00,UNRATE,8.4,10.2,-1.799999999999999,0.5416666666666665,3.212605380891549,-0.7288995656281992,-1
2020-09-10 12:30:00+00:00,CLAIMS,892000,881000.0,11000.0,-66500.0,98337.61088355654,0.7881013104108178,1
2020-09-10 12:30:00+00:00,PPI,194.3,193.0,1.3000000000000114,-0.6416666666666657,2.9438559541505893,0.659565786134709,-1
2020-09-11 12:30:00+00:00,CPI,1.2810698495523853,,-0.23791554573463514,1.5189853952870205,0.8006254476406397,-0.29716210799412834,0
2020-09-15 12:30:00+00:00,RETAIL,530735,526304.0,4431.0,1434.4166666666667,36161.207834962224,0.08286734632896046,-1
2020-09-17 12:30:00+00:00,CLAIMS,861000,892000.0,-31000.0,-72000.0,91568.86557589978,0.44775044161725297,1
2020-09-24 12:30:00+00:00,CLAIMS,859000,861000.0,-2000.0,-66500.0,92677.62867673578,0.6959608367298568,1
2020-10-01 12:30:00+00:00,CLAIMS,795000,859000.0,-64000.0,-50125.0,90803.45729730184,-0.15280255193997208,-1
2020-10-02 12:30:00+00:00,UNRATE,7.8,8.4,-0.6000000000000005,0.3999999999999999,3.280243893371345,-0.30485538042484633,-1
2020-10-02 12:30:00+00:00,NFP,141770,140821.0,949.0,-862.3333333333334,6363.837754821926,0.2846290875283351,-1
2020-10-08 12:30:00+00:00,CLAIMS,785000,795000.0,-10000.0,-31125.0,62686.151352819805,0.336996282976459,1
2020-10-12 12:30:00+00:00,PPI,195.5,194.3,1.1999999999999886,-0.40833333333333144,2.980377747056825,0.5396407669871972,-1
2020-10-13 12:30:00+00:00,CPI,1.3910228912373812,,-0.08991489062345104,1.4809377818608322,0.80013829328329,-0.1123741875351247,0
2020-10-15 12:30:00+00:00,CLAIMS,839000,785000.0,54000.0,-12375.0,34911.878862564045,1.9012153502621658,1
2020-10-15 12:30:00+00:00,RETAIL,541302,530735.0,10567.0,1514.5,36167.18933081349,0.2502959220081697,-1
2020-10-22 12:30:00+00:00,CLAIMS,804000,839000.0,-35000.0,-11000.0,37523.326078588245,-0.6396021490668176,-1
2020-10-29 12:30:00+00:00,CLAIMS,776000,804000.0,-28000.0,-9000.0,35456.21041711759,-0.535872271076865,-1
2020-11-05 13:30:00+00:00,CLAIMS,773000,776000.0,-3000.0,-13125.0,35514.33312259879,0.2850961600502973,1
2020-11-06 13:30:00+00:00,UNRATE,6.9,7.8,-0.8999999999999995,0.3583333333333332,3.2903324875744517,-0.3824334890426054,-1
2020-11-06 13:30:00+00:00,NFP,142460,141770.0,690.0,-799.5833333333334,6378.916614460674,0.2335166648763718,-1
2020-11-11 13:30:00+00:00,PPI,196.5,195.5,1.0,-0.24166666666666714,3.01223515118933,0.4122077475181233,-1
2020-11-12 13:30:00+00:00,CLAIMS,737000,773000.0,-36000.0,-14875.0,34485.76310802644,-0.6125716265528492,-1
2020-11-12 13:30:00+00:00,CPI,1.2303863428671624,,-0.22609520459352184,1.4564815474606843,0.7978325712366781,-0.2833867815687991,0
2020-11-16 13:30:00+00:00,RETAIL,539114,541302.0,-2188.0,2668.3333333333335,36221.183609327374,-0.1340743965109625,1
2020-11-19 13:30:00+00:00,CLAIMS,738000,737000.0,1000.0,-15500.0,34862.99716646049,0.47328116745721505,1
2020-11-26 13:30:00+00:00,CLAIMS,793000,738000.0,55000.0,-15125.0,35044.61442219133,2.0010207318929636,1
2020-12-03 13:30:00+00:00,CLAIMS,737000,793000.0,-56000.0,-250.0,36558.17282086265,-1.5249668049105876,-1
2020-12-04 13:30:00+00:00,NFP,142733,142460.0,273.0,-750.0,6388.807158546179,0.16012378752605694,-1
2020-12-04 13:30:00+00:00,UNRATE,6.7,6.9,-0.20000000000000018,0.27499999999999997,3.310074154621148,-0.1435013168320895,-1
2020-12-10 13:30:00+00:00,CLAIMS,873000,737000.0,136000.0,-6000.0,41582.963544496415,3.4148600267042286,1
2020-12-10 13:30:00+00:00,PPI,198.3,196.5,1.8000000000000114,-0.17499999999999952,3.0316886983389906,0.6514521101992032,-1
2020-12-11 13:30:00+00:00,CPI,1.1757452138405844,,-0.2387707205574776,1.414515934398062,0.7951494270010852,-0.3002840880587741,0
2020-12-15 13:30:00+00:00,RETAIL,533941,539114.0,-5173.0,2372.1666666666665,36247.32076326678,-0.20815791368262937,1
2020-12-17 13:30:00+00:00,CLAIMS,886000,873000.0,13000.0,4250.0,63050.433328068444,0.13877779323849188,1
2020-12-24 13:30:00+00:00,CLAIMS,815000,886000.0,-71000.0,10250.0,61033.36324152135,-1.33123910734654,-1
2020-12-31 13:30:00+00:00,CLAIMS,773000,815000.0,-42000.0,4875.0,66529.1289586754,-0.7045785918693814,-1
2021-01-01 13:30:00+00:00,NFP,142548,142733.0,-185.0,-744.5,6389.734259661423,0.08756232689239359,-1
2021-01-01 13:30:00+00:00,UNRATE,6.7,6.7,0.0,0.25833333333333325,3.312087595825968,-0.07799713197769761,-1
2021-01-07 13:30:00+00:00,CLAIMS,803000,773000.0,30000.0,0.0,68585.71279792943,0.4374088826398504,1
2021-01-12 13:30:00+00:00,PPI,200.5,198.3,2.1999999999999886,-0.058333333333332384,3.082342183037655,0.7326679515860008,-1
2021-01-13 13:30:00+00:00,CPI,1.3204191315779434,,-0.017718037734924197,1.3381371693128676,0.7676716492999246,-0.023080229354675397,0
2021-01-14 13:30:00+00:00,CLAIMS,890000,803000.0,87000.0,8250.0,67599.13355319666,1.1649557599437017,1
2021-01-15 13:30:00+00:00,RETAIL,538548,533941.0,4607.0,1643.8333333333333,36308.88592425559,0.08160995831290899,-1
2021-01-21 13:30:00+00:00,CLAIMS,844000,890000.0,-46000.0,19000.0,72910.90453423315,-0.8914990208286495,-1
2021-01-28 13:30:00+00:00,CLAIMS,799000,844000.0,-45000.0,6375.0,74513.54143471453,-0.6894719940940199,-1
2021-02-04 13:30:00+00:00,CLAIMS,803000,799000.0,4000.0,7750.0,73289.54320267799,-0.05116691735449343,-1
2021-02-05 13:30:00+00:00,NFP,142863,142548.0,315.0,-770.5,6386.499674384168,0.1699679097070762,-1
2021-02-05 13:30:00+00:00,UNRATE,6.4,6.7,-0.2999999999999998,0.25833333333333325,3.312087595825968,-0.16857444653244325,-1
2021-02-10 13:30:00+00:00,PPI,204.8,200.5,4.300000000000011,0.125,3.1507935508376295,1.3250630143285966,-1
2021-02-11 13:30:00+00:00,CLAIMS,812000,803000.0,9000.0,-8750.0,52081.66663999973,0.3408109061234929,1
2021-02-11 13:30:00+00:00,CPI,1.3738437137002402,,0.11896557258608076,1.2548781411141594,0.7030142627455598,0.16922213230990688,0
2021-02-15 13:30:00+00:00,RETAIL,559230,538548.0,20682.0,1890.1666666666667,36318.9648827099,0.5174110383933167,-1
2021-02-18 13:30:00+00:00,CLAIMS,802000,812000.0,-10000.0,-9250.0,51861.76681470578,-0.014461520423699335,-1
2021-02-25 13:30:00+00:00,CLAIMS,702000,802000.0,-100000.0,-1625.0,45591.15672395944,-2.1577649498044247,-1
2021-03-04 13:30:00+00:00,CLAIMS,704000,702000.0,2000.0,-8875.0,56286.09952732611,0.19320933749762392,1
2021-03-05 13:30:00+00:00,NFP,143380,142863.0,517.0,-764.0,6387.65788632479,0.20054298818076458,-1
2021-03-05 13:30:00+00:00,UNRATE,6.2,6.4,-0.20000000000000018,0.23333333333333328,3.3153454045566884,-0.1307053354796004,-1
2021-03-10 13:30:00+00:00,PPI,210.6,204.8,5.799999999999983,0.4583333333333333,3.374626803160028,1.5828910804787866,-1
2021-03-11 13:30:00+00:00,CLAIMS,693000,704000.0,-11000.0,-12375.0,54361.061431874754,0.025293840182336196,1
2021-03-11 13:30:00+00:00,CPI,1.6698167791706853,,0.5170989933186061,1.1527177858520792,0.565420428355692,0.9145389295933113,-1
2021-03-15 12:30:00+00:00,RETAIL,544891,559230.0,-14339.0,3675.9166666666665,36702.30464266969,-0.49083884083188406,1
2021-03-18 12:30:00+00:00,CLAIMS,699000,693000.0,6000.0,-24625.0,37055.7013157228,0.826458518193144,1
2021-03-25 12:30:00+00:00,CLAIMS,627000,699000.0,-72000.0,-18125.0,37330.3304489611,-1.4431964397866546,-1
2021-04-01 12:30:00+00:00,CLAIMS,658000,627000.0,31000.0,-21500.0,41133.927602407,1.2763186756065545,1
2021-04-02 12:30:00+00:00,NFP,144232,143380.0,852.0,-742.75,6391.804214275995,0.24949919405199408,-1
2021-04-02 12:30:00+00:00,UNRATE,6.1,6.2,-0.10000000000000053,0.22499999999999995,3.316384943113373,-0.09799827389606205,-1
2021-04-08 12:30:00+00:00,CLAIMS,645000,658000.0,-13000.0,-18125.0,44495.384993438885,0.11518048446497793,1
2021-04-12 12:30:00+00:00,PPI,215.0,210.6,4.400000000000006,1.1583333333333339,3.549253015734008,0.9133377226972009,-1
2021-04-13 12:30:00+00:00,CPI,2.6678187820641908,,1.5710593212611812,1.0967594608030096,0.46060739517677074,3.410842591136089,-1
2021-04-15 12:30:00+00:00,CLAIMS,571000,645000.0,-74000.0,-20875.0,43241.63833291179,-1.2285612212700519,-1
2021-04-15 12:30:00+00:00,RETAIL,603581,544891.0,58690.0,2463.4166666666665,37065.71624329939,1.5169431224331942,-1
2021-04-22 12:30:00+00:00,CLAIMS,566000,571000.0,-5000.0,-28875.0,46722.394446958766,0.510996927332222,1
2021-04-29 12:30:00+00:00,CLAIMS,574000,566000.0,8000.0,-17000.0,37156.04161602106,0.6728380880384315,1
2021-05-06 12:30:00+00:00,CLAIMS,517000,574000.0,-57000.0,-16250.0,37651.59833450524,-1.0822913714835654,-1
2021-05-07 12:30:00+00:00,NFP,144587,144232.0,355.0,-555.25,6403.825364222118,0.14214160259358813,-1
2021-05-07 12:30:00+00:00,UNRATE,6.1,6.1,0.0,0.14166666666666652,3.3104403259257142,-0.042793904350791036,-1
2021-05-12 12:30:00+00:00,PPI,217.9,215.0,2.9000000000000057,1.8250000000000004,3.3180292617483307,0.323987498360267,-1
2021-05-13 12:30:00+00:00,CLAIMS,494000,517000.0,-23000.0,-22000.0,40163.94972040122,-0.024897949702691997,-1
2021-05-13 12:30:00+00:00,CPI,4.133077115360573,,2.938502753076457,1.1945743622841158,0.6416833990270344,4.579365396599043,-1
2021-05-17 12:30:00+00:00,RETAIL,608961,603581.0,5380.0,11271.416666666666,36798.932354716075,-0.16009748896727527,1
2021-05-20 12:30:00+00:00,CLAIMS,467000,494000.0,-27000.0,-25625.0,38552.14465036825,-0.03566597947973994,-1
2021-05-27 12:30:00+00:00,CLAIMS,441000,467000.0,-26000.0,-20000.0,33810.3956963375,-0.17746021235267434,-1
2021-06-03 12:30:00+00:00,CLAIMS,427000,441000.0,-14000.0,-27125.0,26808.514105997907,0.48958327000538704,1
2021-06-04 12:30:00+00:00,NFP,145065,144587.0,478.0,1180.0833333333333,1322.3019499984484,-0.5309553792415999,1
2021-06-04 12:30:00+00:00,UNRATE,5.8,6.1,-0.2999999999999998,-0.7250000000000002,0.7581376703955067,0.5605842007274029,1
2021-06-10 12:30:00+00:00,PPI,224.9,217.9,7.0,2.7000000000000006,1.4844650092327427,2.8966664577850088,-1
2021-06-10 12:30:00+00:00,CLAIMS,420000,427000.0,-7000.0,-27250.0,26735.476698308084,0.7574205699979717,1
2021-06-11 12:30:00+00:00,CPI,4.918257089467626,,3.4053469087402215,1.5129101807274041,1.0077422816556145,3.379184312030249,-1
2021-06-15 12:30:00+00:00,RETAIL,605282,608961.0,-3679.0,17327.75,27497.926193293526,-0.7639394277348573,1
2021-06-17 12:30:00+00:00,CLAIMS,428000,420000.0,8000.0,-18875.0,19518.763866013724,1.3768802258423256,1
2021-06-24 12:30:00+00:00,CLAIMS,422000,428000.0,-6000.0,-17250.0,21298.893331413194,0.5281964572031385,1
2021-07-01 12:30:00+00:00,CLAIMS,368000,422000.0,-54000.0,-19000.0,19420.166249106038,-1.8022502769053865,-1
2021-07-02 12:30:00+00:00,NFP,145820,145065.0,755.0,1002.0833333333334,1253.7182123829136,-0.19708043712925546,1
2021-07-02 12:30:00+00:00,UNRATE,5.9,5.8,0.10000000000000053,-0.6166666666666666,0.7132936834066859,1.0047287440481345,1
2021-07-08 12:30:00+00:00,CLAIMS,371000,368000.0,3000.0,-18625.0,18592.91339654678,1.1630775413613426,1
2021-07-12 12:30:00+00:00,PPI,228.9,224.9,4.0,3.025000000000001,1.9377235941363593,0.5031677391710531,-1
2021-07-13 12:30:00+00:00,CPI,5.295632620349999,,3.389384457465698,1.9062481628843015,1.3205488007692165,2.5666483930706607,-1
2021-07-15 12:30:00+00:00,RETAIL,611950,605282.0,6668.0,10569.416666666666,20448.33714269977,-0.19079383518769422,1
2021-07-15 12:30:00+00:00,CLAIMS,333000,371000.0,-38000.0,-15375.0,19942.327561533253,-1.1345215311597505,-1
2021-07-22 12:30:00+00:00,CLAIMS,387000,333000.0,54000.0,-16750.0,21198.04573202924,3.337571816495334,1
2021-07-29 12:30:00+00:00,CLAIMS,380000,387000.0,-7000.0,-6750.0,32216.898848719622,-0.007759902688769674,-1
2021-08-05 12:30:00+00:00,CLAIMS,379000,380000.0,-1000.0,-5875.0,32086.657218049866,0.15193231151725092,1
2021-08-06 12:30:00+00:00,NFP,146762,145820.0,942.0,679.0833333333334,516.1015506720188,0.5094281664612736,-1
2021-08-06 12:30:00+00:00,UNRATE,5.4,5.9,-0.5,-0.425,0.5361902647381792,-0.1398757212360474,-1
2021-08-11 12:30:00+00:00,PPI,231.85,228.9,2.9499999999999886,3.141666666666668,1.951902723606954,-0.09819478417064517,1
2021-08-12 12:30:00+00:00,CLAIMS,361000,379000.0,-18000.0,-5125.0,32126.7022895295,-0.4007569741820693,-1
2021-08-12 12:30:00+00:00,CPI,5.245169381309234,,2.957339856994353,2.2878295243148807,1.5813655382987402,1.870117809811329,-1
2021-08-16 12:30:00+00:00,RETAIL,601817,611950.0,-10133.0,7826.0,18296.17005625146,-0.9815715499355968,1
2021-08-19 12:30:00+00:00,CLAIMS,367000,361000.0,6000.0,-8375.0,31923.737249890717,0.45029189056018837,1
2021-08-26 12:30:00+00:00,CLAIMS,358000,367000.0,-9000.0,-6875.0,32330.60248654388,-0.06572720074995302,-1
2021-09-02 12:30:00+00:00,CLAIMS,353000,358000.0,-5000.0,-1250.0,26315.39473388268,-0.14250213754808874,-1
2021-09-03 12:30:00+00:00,NFP,147314,146762.0,552.0,625.5833333333334,441.6778872216807,-0.16659954111852893,1
2021-09-03 12:30:00+00:00,UNRATE,5.1,5.4,-0.3000000000000007,-0.3999999999999999,0.5239708527632555,0.1908503106091322,1
2021-09-09 12:30:00+00:00,CLAIMS,335000,353000.0,-18000.0,-2250.0,26282.80263377128,-0.5992511612807426,-1
2021-09-10 12:30:00+00:00,PPI,233.415,231.85,1.5649999999999977,3.2374999999999994,1.9077741671191795,-0.8766760913455224,1
2021-09-13 12:30:00+00:00,CPI,5.152015301793966,,2.510160392585799,2.6418549092081673,1.7342315028138788,1.4474194411259027,-1
2021-09-15 12:30:00+00:00,RETAIL,605533,601817.0,3716.0,6292.75,19012.842645887344,-0.13552681458484458,1
2021-09-16 12:30:00+00:00,CLAIMS,342000,335000.0,7000.0,250.0,23162.469643802244,0.29141970194901684,1
2021-09-23 12:30:00+00:00,CLAIMS,367000,342000.0,25000.0,-5625.0,9530.964574183774,3.2132109779269333,1
2021-09-30 12:30:00+00:00,CLAIMS,375000,367000.0,8000.0,-1625.0,14362.028308805044,0.6701699643705008,1
2021-10-01 12:30:00+00:00,NFP,147771,147314.0,457.0,541.0833333333334,327.6945524371304,-0.2565905740818353,1
2021-10-01 12:30:00+00:00,UNRATE,4.7,5.1,-0.39999999999999947,-0.2750000000000001,0.28324419275118706,-0.44131531448485634,-1
2021-10-07 12:30:00+00:00,CLAIMS,312000,375000.0,-63000.0,-500.0,14764.823060235445,-4.233034134240641,-1
2021-10-12 12:30:00+00:00,PPI,235.678,233.415,2.2630000000000052,3.2595833333333317,1.884702120583872,-0.5287749838285265,1
2021-10-13 12:30:00+00:00,CPI,5.351215590949132,,2.3867818940541663,2.964433696894966,1.81618061490719,1.314176505609347,-1
2021-10-14 12:30:00+00:00,CLAIMS,291000,312000.0,-21000.0,-6125.0,26384.180866573446,-0.5637847949581555,-1
2021-10-15 12:30:00+00:00,RETAIL,609671,605533.0,4138.0,6233.166666666667,19020.32636577527,-0.11015408602223888,1
2021-10-21 12:30:00+00:00,CLAIMS,289000,291000.0,-2000.0,-9500.0,26338.45640341032,0.28475472841411065,1
2021-10-28 12:30:00+00:00,CLAIMS,269000,289000.0,-20000.0,-8625.0,26473.369368373682,-0.42967707818820766,-1
2021-11-04 12:30:00+00:00,CLAIMS,261000,269000.0,-8000.0,-10500.0,26710.08370313788,0.09359761009308638,1
2021-11-05 12:30:00+00:00,NFP,148572,147771.0,801.0,500.0833333333333,301.7709722570598,0.9971690266164323,-1
2021-11-05 12:30:00+00:00,UNRATE,4.5,4.7,-0.20000000000000018,-0.2583333333333333,0.26784776318353504,0.21778540406686867,1
2021-11-10 13:30:00+00:00,PPI,240.465,235.678,4.787000000000006,3.3481666666666663,1.8022776919187244,0.7983416427917621,-1
2021-11-11 13:30:00+00:00,CLAIMS,251000,261000.0,-10000.0,-9250.0,26542.418879975132,-0.028256656011326677,-1
2021-11-11 13:30:00+00:00,CPI,6.235042390298062,,2.9405926350937843,3.294449755204278,1.8634721098757316,1.578018055386878,-1
2021-11-15 13:30:00+00:00,RETAIL,618573,609671.0,8902.0,5697.416666666667,18977.652505744423,0.16886089216584216,-1
2021-11-18 13:30:00+00:00,CLAIMS,250000,251000.0,-1000.0,-11375.0,25723.46066476066,0.4033283132161538,1
2021-11-25 13:30:00+00:00,CLAIMS,224000,250000.0,-26000.0,-14625.0,21817.014985034115,-0.521382050101856,-1
2021-12-02 13:30:00+00:00,CLAIMS,221000,224000.0,-3000.0,-18875.0,20017.403142552954,0.7930599132638219,1
2021-12-03 13:30:00+00:00,NFP,149230,148572.0,658.0,509.3333333333333,309.7181514431061,0.480006308877819,-1
2021-12-03 13:30:00+00:00,UNRATE,4.1,4.5,-0.40000000000000036,-0.20000000000000004,0.17580981459830328,-1.137592917989065,-1
2021-12-09 13:30:00+00:00,CLAIMS,206000,221000.0,-15000.0,-11375.0,9709.163565566167,-0.3733586292496059,-1
2021-12-10 13:30:00+00:00,PPI,243.287,240.465,2.8220000000000027,3.6637500000000003,1.681219639806987,-0.500678186281856,1
2021-12-13 13:30:00+00:00,CPI,6.901970403700863,,3.1904659778773437,3.7115044258235197,1.9187430412814774,1.6627896019607276,-1
2021-12-15 13:30:00+00:00,RETAIL,624874,618573.0,6301.0,6621.583333333333,18828.18194988243,-0.017026781140456044,1
2021-12-16 13:30:00+00:00,CLAIMS,227000,206000.0,21000.0,-10625.0,9070.16301633645,3.486706902956384,1
2021-12-23 13:30:00+00:00,CLAIMS,215000,227000.0,-12000.0,-7750.0,14320.31523994807,-0.2967811761674188,-1
2021-12-30 13:30:00+00:00,CLAIMS,217000,215000.0,2000.0,-6750.0,13604.096021841691,0.6431886386241079,1
2022-01-06 13:30:00+00:00,CLAIMS,229000,217000.0,12000.0,-5500.0,13928.388277186286,1.2564267775808462,1
2022-01-07 13:30:00+00:00,UNRATE,3.9,4.1,-0.19999999999999973,-0.2166666666666667,0.1850470865548094,0.09006716602225695,1
2022-01-07 13:30:00+00:00,NFP,149816,149230.0,586.0,541.4166666666666,302.87634990757346,0.14719978415924037,-1
2022-01-12 13:30:00+00:00,PPI,241.338,243.287,-1.9490000000000123,3.7489166666666662,1.6022550278412098,-3.5561858553464725,1
2022-01-13 13:30:00+00:00,CLAIMS,250000,229000.0,21000.0,-2750.0,15040.421726612125,1.5790780625504255,1
2022-01-13 13:30:00+00:00,CPI,7.174340285065539,,2.985650426753663,4.188689858311876,1.9426750669727737,1.5368758664340785,-1
2022-01-17 13:30:00+00:00,RETAIL,619938,624874.0,-4936.0,7577.75,18462.552547472453,-0.6777908941801847,1
2022-01-20 13:30:00+00:00,CLAIMS,246000,250000.0,-4000.0,0.0,17254.399025012317,-0.23182493891566558,-1
2022-01-27 13:30:00+00:00,CLAIMS,240000,246000.0,-6000.0,2750.0,13956.565275373976,-0.6269450847938328,-1
2022-02-03 13:30:00+00:00,CLAIMS,231000,240000.0,-9000.0,2375.0,14171.777789478147,-0.8026515917039979,-1
2022-02-04 13:30:00+00:00,NFP,150006,149816.0,190.0,605.6666666666666,198.59613350321268,-2.0930249715055123,1
2022-02-04 13:30:00+00:00,UNRATE,4.0,3.9,0.10000000000000009,-0.23333333333333336,0.1723280873710626,1.9342948582466943,1
2022-02-10 13:30:00+00:00,CLAIMS,210000,231000.0,-21000.0,3125.0,13249.663068494678,-1.8208010177530418,-1
2022-02-10 13:30:00+00:00,PPI,246.453,241.338,5.115000000000009,3.403166666666666,2.2738039346727663,0.7528500180820125,-1
2022-02-11 13:30:00+00:00,CPI,7.558805726967832,,2.882289105865323,4.676516621102509,1.8912545782486787,1.5240090567470574,-1
2022-02-15 13:30:00+00:00,RETAIL,631509,619938.0,11571.0,6782.5,18804.50580675715,0.2546464155563884,-1
2022-02-17 13:30:00+00:00,CLAIMS,234000,210000.0,24000.0,-2125.0,13474.181660814573,1.9388932595421629,1
2022-02-24 13:30:00+00:00,CLAIMS,224000,234000.0,-10000.0,2375.0,15555.775225208265,-0.7955244801908816,-1
2022-03-03 13:30:00+00:00,CLAIMS,208000,224000.0,-16000.0,875.0,16163.782266008086,-1.0440006999777263,-1
2022-03-04 13:30:00+00:00,NFP,150825,150006.0,819.0,595.25,217.5972614299633,1.028275808847976,-1
2022-03-04 13:30:00+00:00,UNRATE,3.9,4.0,-0.10000000000000009,-0.20000000000000004,0.19540168418367604,0.5117663157191662,1
2022-03-10 13:30:00+00:00,CLAIMS,222000,208000.0,14000.0,-2625.0,16439.825337968694,1.0112637852425133,1
2022-03-10 13:30:00+00:00,PPI,252.66,246.453,6.206999999999994,3.4710833333333326,2.3148284624580895,1.1819090317221272,-1
2022-03-11 13:30:00+00:00,CPI,7.937278766517819,,2.7453486443096775,5.1919301222081415,1.7466178202001994,1.571808447479943,-1
2022-03-15 12:30:00+00:00,RETAIL,638101,631509.0,6592.0,6023.25,18371.22238287123,0.030958745593885208,-1
2022-03-17 12:30:00+00:00,CLAIMS,217000,222000.0,-5000.0,-3500.0,15137.46534737297,-0.09909188662554509,-1
2022-03-24 12:30:00+00:00,CLAIMS,207000,217000.0,-10000.0,-3625.0,15146.31025318624,-0.4208945870931786,-1
2022-03-31 12:30:00+00:00,CLAIMS,214000,207000.0,7000.0,-4125.0,15301.143748101327,0.7270698310628229,1
2022-04-01 12:30:00+00:00,NFP,151315,150825.0,490.0,620.4166666666666,225.06058106989065,-0.5794736068248524,1
2022-04-01 12:30:00+00:00,UNRATE,3.7,3.9,-0.19999999999999973,-0.19166666666666668,0.19752253419584914,-0.04218927914862777,-1
2022-04-07 12:30:00+00:00,CLAIMS,214000,214000.0,0.0,-2125.0,15615.354165511138,0.13608400920507988,1
2022-04-12 12:30:00+00:00,PPI,260.014,252.66,7.354000000000013,3.5050000000000003,2.3546920663374977,1.6346086416245378,-1
2022-04-13 12:30:00+00:00,CPI,8.572204966013853,,2.857986344860117,5.714218621153736,1.5200372415380985,1.8802081072488537,-1
2022-04-14 12:30:00+00:00,CLAIMS,214000,214000.0,0.0,500.0,13627.702877387153,-0.03668996928526118,-1
2022-04-15 12:30:00+00:00,RETAIL,651027,638101.0,12926.0,7767.5,17219.738370412437,0.29956901138890224,-1
2022-04-21 12:30:00+00:00,CLAIMS,210000,214000.0,-4000.0,-2500.0,9827.07629824298,-0.15263949871521712,-1
2022-04-28 12:30:00+00:00,CLAIMS,209000,210000.0,-1000.0,-1750.0,9392.246042046923,0.079853104001154,1
2022-05-05 12:30:00+00:00,CLAIMS,218000,209000.0,9000.0,125.0,7434.235478037908,1.1938013029340238,1
2022-05-06 12:30:00+00:00,UNRATE,3.7,3.7,0.0,-0.19999999999999996,0.19540168418367604,1.0235326314383326,1
2022-05-06 12:30:00+00:00,NFP,151623,151315.0,308.0,590.25,215.24452268398414,-1.3112993375185271,1
2022-05-11 12:30:00+00:00,PPI,265.31,260.014,5.295999999999992,3.7511666666666676,2.5985471756815306,0.5944988598978025,-1
2022-05-12 12:30:00+00:00,CLAIMS,204000,218000.0,-14000.0,-500.0,6210.590034086049,-2.1737065119267145,-1
2022-05-12 12:30:00+00:00,CPI,8.231750770777225,,2.0254999676276837,6.206250803149541,1.3947313629466667,1.452250964908672,-1
2022-05-16 12:30:00+00:00,RETAIL,660194,651027.0,9167.0,3953.8333333333335,6880.101476964792,0.7577165371936482,-1
2022-05-19 12:30:00+00:00,CLAIMS,225000,204000.0,21000.0,-1625.0,7763.237542605374,2.9143768789544158,1
2022-05-26 12:30:00+00:00,CLAIMS,211000,225000.0,-14000.0,2250.0,10306.031521121313,-1.5767465844342745,-1
2022-06-02 12:30:00+00:00,CLAIMS,199000,211000.0,-12000.0,-375.0,11525.592640482575,-1.0086249239078835,-1
2022-06-03 12:30:00+00:00,NFP,151924,151623.0,301.0,586.3333333333334,220.2830135543993,-1.2953033859910845,1
2022-06-03 12:30:00+00:00,UNRATE,3.6,3.7,-0.10000000000000009,-0.19999999999999996,0.19540168418367604,0.5117663157191658,1
2022-06-09 12:30:00+00:00,CLAIMS,213000,199000.0,14000.0,-1875.0,12229.209763048135,1.2981214900710927,1
2022-06-10 12:30:00+00:00,PPI,273.251,265.31,7.940999999999974,3.950833333333333,2.6191696405656204,1.5234472043609013,-1
2022-06-13 12:30:00+00:00,CPI,8.538171195642065,,1.9903642545411353,6.547806941100929,1.341732433606566,1.4834285917878964,-1
2022-06-15 12:30:00+00:00,RETAIL,659847,660194.0,-347.0,4269.416666666667,7036.539703037567,-0.6560634717478863,1
2022-06-16 12:30:00+00:00,CLAIMS,211000,213000.0,-2000.0,-125.0,13474.181660814575,-0.13915501862742793,-1
2022-06-23 12:30:00+00:00,CLAIMS,214000,211000.0,3000.0,125.0,13410.41705967216,0.21438557706349845,1
2022-06-30 12:30:00+00:00,CLAIMS,212000,214000.0,-2000.0,625.0,13437.022416764505,-0.19535578036432813,-1
2022-07-01 12:30:00+00:00,NFP,152358,151924.0,434.0,571.5833333333334,233.71290015095715,-0.5886852340819319,1
2022-07-01 12:30:00+00:00,UNRATE,3.6,3.6,0.0,-0.18333333333333332,0.1946247360403779,0.9419837224354566,1
2022-07-07 12:30:00+00:00,CLAIMS,214000,212000.0,2000.0,-750.0,13013.729014283463,0.21131529609858066,1
2022-07-12 12:30:00+00:00,PPI,280.251,273.251,7.0,4.0292499999999976,2.730480614537238,1.0879952724013333,-1
2022-07-13 12:30:00+00:00,CPI,8.979361103105798,,2.129894653156999,6.8494664499488,1.3489673084780176,1.5789075389529406,-1
2022-07-14 12:30:00+00:00,CLAIMS,212000,214000.0,-2000.0,1250.0,11865.31559992294,-0.27390758995244147,-1
2022-07-15 12:30:00+00:00,RETAIL,666113,659847.0,6266.0,4547.083333333333,6754.463782745749,0.25448602908459333,-1
2022-07-21 12:30:00+00:00,CLAIMS,216000,212000.0,4000.0,-1625.0,8782.084035128588,0.6405085600980176,1
2022-07-28 12:30:00+00:00,CLAIMS,221000,216000.0,5000.0,625.0,7347.254103214565,0.5954605541798063,1
2022-08-04 12:30:00+00:00,CLAIMS,228000,221000.0,7000.0,2750.0,5365.231988066751,0.7921372290057114,1
2022-08-05 12:30:00+00:00,NFP,153072,152358.0,714.0,544.8333333333334,229.1366536820497,0.7382785073810255,-1
2022-08-05 12:30:00+00:00,UNRATE,3.5,3.6,-0.10000000000000009,-0.19166666666666668,0.18319554050414252,0.5003760812867264,1
2022-08-10 12:30:00+00:00,PPI,272.274,280.251,-7.976999999999975,4.2792499999999976,2.861742448388588,-4.282792816279228,1
2022-08-11 12:30:00+00:00,CLAIMS,221000,228000.0,-7000.0,1875.0,3522.8843701964865,-2.519242492056304,-1
2022-08-11 12:30:00+00:00,CPI,8.462576727730099,,1.306132904218316,7.156443823511783,1.3819640556354533,0.9451279857041806,-1
2022-08-15 12:30:00+00:00,RETAIL,659550,666113.0,-6563.0,4513.583333333333,6743.977184507024,-1.642440807596388,1
2022-08-18 12:30:00+00:00,CLAIMS,220000,221000.0,-1000.0,1250.0,4590.362575166474,-0.4901573597197606,-1
2022-08-25 12:30:00+00:00,CLAIMS,215000,220000.0,-5000.0,750.0,4590.362575166474,-1.252624363728277,-1
2022-09-01 12:30:00+00:00,CLAIMS,210000,215000.0,-5000.0,375.0,4955.1560448316695,-1.0847287050841188,-1
2022-09-02 12:30:00+00:00,NFP,153362,153072.0,290.0,525.8333333333334,200.92596254402744,-1.1737325049850487,1
2022-09-02 12:30:00+00:00,UNRATE,3.6,3.5,0.10000000000000009,-0.15833333333333335,0.15642792899509927,1.6514527488337887,1
2022-09-08 12:30:00+00:00,CLAIMS,203000,210000.0,-7000.0,-500.0,5237.229365669585,-1.24111425071584,-1
2022-09-12 12:30:00+00:00,PPI,269.546,272.274,-2.7280000000000086,3.3686666666666674,4.558549237588107,-1.3374138018288415,1
2022-09-13 12:30:00+00:00,CPI,8.222579178218826,,0.7980180758386375,7.4245611023801885,1.2862362934717653,0.6204288278047685,-1
2022-09-15 12:30:00+00:00,CLAIMS,195000,203000.0,-8000.0,-1125.0,5718.079098044113,-1.2023268447530946,-1
2022-09-15 12:30:00+00:00,RETAIL,663566,659550.0,4016.0,4811.083333333333,6085.748858952544,-0.13064675387708652,1
2022-09-22 12:30:00+00:00,CLAIMS,202000,195000.0,7000.0,-2625.0,5755.432216615917,1.6723331346362922,1
2022-09-29 12:30:00+00:00,CLAIMS,190000,202000.0,-12000.0,-2375.0,6162.965427227648,-1.5617481736109162,-1
2022-10-06 12:30:00+00:00,CLAIMS,203000,190000.0,13000.0,-4750.0,5675.763007239302,3.1273328321426197,1
2022-10-07 12:30:00+00:00,NFP,153582,153362.0,220.0,504.0,211.76659535699287,-1.3410991451283294,1
2022-10-07 12:30:00+00:00,UNRATE,3.5,3.6,-0.10000000000000009,-0.12499999999999996,0.16583123951776643,0.15075567228888426,1
2022-10-12 12:30:00+00:00,PPI,267.898,269.546,-1.6479999999999677,3.0109166666666667,4.870732564994401,-0.9565125172648419,1
2022-10-13 12:30:00+00:00,CPI,8.192106896425821,,0.511665471010228,7.6804414254155935,1.0823003022219324,0.47275739456026483,0
2022-10-13 12:30:00+00:00,CLAIMS,207000,203000.0,4000.0,-2250.0,8328.093590804756,0.7504718735270666,1
2022-10-17 12:30:00+00:00,RETAIL,661854,663566.0,-1712.0,4836.083333333333,6081.45602270216,-1.076729537941119,1
2022-10-20 12:30:00+00:00,CLAIMS,199000,207000.0,-8000.0,-1625.0,8617.880084041408,-0.739741089204203,-1
2022-10-27 12:30:00+00:00,CLAIMS,202000,199000.0,3000.0,-2000.0,8847.921466975999,0.5651044732553302,1
2022-11-03 12:30:00+00:00,CLAIMS,202000,202000.0,0.0,-1000.0,8912.270834564659,0.11220484863652008,1
2022-11-04 12:30:00+00:00,NFP,153939,153582.0,357.0,484.25,227.04870322546446,-0.5604524412264001,1
2022-11-04 12:30:00+00:00,UNRATE,3.6,3.5,0.10000000000000009,-0.10000000000000002,0.1414213562373054,1.4142135623731371,1
2022-11-10 13:30:00+00:00,CLAIMS,204000,202000.0,2000.0,-125.0,8576.33787980813,0.24777475302168722,1
2022-11-10 13:30:00+00:00,PPI,265.061,267.898,-2.837000000000046,2.6850000000000023,5.052774737256203,-1.0928648687391609,1
2022-11-11 13:30:00+00:00,CPI,7.758813957693,,-0.15836840984565015,7.917182367538651,0.8005149858478574,-0.19783316070955978,0
2022-11-15 13:30:00+00:00,RETAIL,668671,661854.0,6817.0,4348.583333333333,6370.124737730195,0.38749895304973475,-1
2022-11-17 13:30:00+00:00,CLAIMS,210000,204000.0,6000.0,1125.0,7972.049386991518,0.6115115152139972,1
2022-11-24 13:30:00+00:00,CLAIMS,220000,210000.0,10000.0,1000.0,7874.007874015647,1.1430011430011577,1
2022-12-01 13:30:00+00:00,CLAIMS,209000,220000.0,-11000.0,3750.0,6386.369413506761,-2.3096064516413186,-1
2022-12-02 13:30:00+00:00,NFP,154242,153939.0,303.0,447.25,205.93384860192685,-0.700467654925623,1
2022-12-02 13:30:00+00:00,UNRATE,3.6,3.6,0.0,-0.075,0.1484771179187331,0.5051283393111806,1
2022-12-08 13:30:00+00:00,CLAIMS,209000,209000.0,0.0,750.0,7025.463889111043,-0.10675451640459577,-1
2022-12-12 13:30:00+00:00,PPI,263.157,265.061,-1.9039999999999964,2.0496666666666647,5.240282406222939,-0.7544758774778252,1
2022-12-13 13:30:00+00:00,CPI,7.122856456533988,,-0.9213068749542401,8.044163331488228,0.6068594517511121,-1.5181552702125345,1
2022-12-15 13:30:00+00:00,CLAIMS,209000,209000.0,0.0,250.0,6902.380541734681,-0.03621938814998614,-1
2022-12-15 13:30:00+00:00,RETAIL,659458,668671.0,-9213.0,4174.833333333333,6262.156103180903,-2.137895177434637,1
2022-12-22 13:30:00+00:00,CLAIMS,213000,209000.0,4000.0,1250.0,6065.122775820346,0.45341209100718416,1
2022-12-29 13:30:00+00:00,CLAIMS,205000,213000.0,-8000.0,1375.0,6116.429864371428,-1.5327568872505084,-1
2023-01-05 13:30:00+00:00,CLAIMS,205000,205000.0,0.0,375.0,6968.03928150752,-0.053817147815916094,-1
2023-01-06 13:30:00+00:00,NFP,154342,154242.0,100.0,417.6666666666667,198.26214663389493,-1.6022557611729114,1
2023-01-06 13:30:00+00:00,UNRATE,3.5,3.6,-0.10000000000000009,-0.04166666666666663,0.10836246694507759,-0.5383167712756033,-1
2023-01-11 13:30:00+00:00,PPI,257.897,263.157,-5.259999999999991,1.6558333333333313,5.353332705951129,-1.291874373069548,1
2023-01-12 13:30:00+00:00,CLAIMS,210000,205000.0,5000.0,125.0,6937.218462760157,0.702731220902095,1
2023-01-12 13:30:00+00:00,CPI,6.404600402357152,,-1.6579701002005045,8.062570502557657,0.5713777704465673,-2.901705641969056,1
2023-01-16 13:30:00+00:00,RETAIL,651763,659458.0,-7695.0,2882.0,7298.92314597906,-1.4491178751247458,1
2023-01-19 13:30:00+00:00,CLAIMS,204000,210000.0,-6000.0,0.0,6824.326235716532,-0.8792076745390264,-1
2023-01-26 13:30:00+00:00,CLAIMS,204000,204000.0,0.0,-2000.0,5732.115042216377,0.34891135039513804,1
2023-02-02 13:30:00+00:00,CLAIMS,200000,204000.0,-4000.0,-625.0,4438.065859300533,-0.7604664074390102,-1
2023-02-03 13:30:00+00:00,NFP,154776,154342.0,434.0,377.1666666666667,210.03888528873534,0.27058481697427555,-1
2023-02-03 13:30:00+00:00,UNRATE,3.5,3.5,0.0,-0.033333333333333326,0.09847319278346008,0.3385016001931859,1
2023-02-09 13:30:00+00:00,CLAIMS,215000,200000.0,15000.0,-1125.0,4580.626906571114,3.5202605077632425,1
2023-02-10 13:30:00+00:00,PPI,260.227,257.897,2.329999999999984,1.3799166666666665,5.633989777289805,0.1686341954618081,-1
2023-02-13 13:30:00+00:00,CPI,6.327178517960097,,-1.6712469943718595,7.9984255123319565,0.7072183087668512,-2.3631274440362655,1
2023-02-15 13:30:00+00:00,RETAIL,680253,651763.0,28490.0,2652.0833333333335,7604.6309749488355,3.3976555538042406,-1
2023-02-16 13:30:00+00:00,CLAIMS,220000,215000.0,5000.0,750.0,7343.607521418327,0.5787346324819882,1
2023-02-23 13:30:00+00:00,CLAIMS,217000,220000.0,-3000.0,875.0,7414.9944610365865,-0.5225897362920336,-1
2023-03-02 13:30:00+00:00,CLAIMS,207000,217000.0,-10000.0,1500.0,6740.072064053309,-1.7062132111810375,-1
2023-03-03 13:30:00+00:00,NFP,155066,154776.0,290.0,397.5,201.9264042349934,-0.5323721798903329,1
2023-03-03 13:30:00+00:00,UNRATE,3.6,3.5,0.10000000000000009,-0.041666666666666664,0.09003366373784533,1.5734855251382787,1
2023-03-09 13:30:00+00:00,CLAIMS,230000,207000.0,23000.0,250.0,7887.603293418484,2.8842728460979887,1
2023-03-10 13:30:00+00:00,PPI,258.669,260.227,-1.5579999999999927,1.147833333333331,5.522398257564504,-0.4899743204190156,1
2023-03-13 12:30:00+00:00,CPI,5.957820738137087,,-1.9379691734442241,7.8957899115813115,0.8514761119171765,-2.276011207267705,1
2023-03-15 12:30:00+00:00,RETAIL,672152,680253.0,-8101.0,4062.0,10446.099828948763,-1.1643580091292327,1
2023-03-16 12:30:00+00:00,CLAIMS,222000,230000.0,-8000.0,2500.0,11275.764148957602,-0.9312007471325731,-1
2023-03-23 12:30:00+00:00,CLAIMS,230000,222000.0,8000.0,2250.0,11510.864433223962,0.49952807917741593,1
2023-03-30 12:30:00+00:00,CLAIMS,234000,230000.0,4000.0,3250.0,11634.308868910231,0.06446450824459256,1
2023-04-06 12:30:00+00:00,CLAIMS,217000,234000.0,-17000.0,4250.0,11259.916264598716,-1.887225402093815,-1
2023-04-07 12:30:00+00:00,UNRATE,3.5,3.6,-0.10000000000000009,-0.024999999999999984,0.09653072991633604,-0.7769546554242697,-1
2023-04-07 12:30:00+00:00,NFP,155134,155066.0,68.0,353.4166666666667,153.4722114813325,-1.8597286369420902,1
2023-04-12 12:30:00+00:00,PPI,257.062,258.669,-1.606999999999971,0.5007499999999988,5.327181347920898,-0.3956595171708555,1
2023-04-13 12:30:00+00:00,CLAIMS,220000,217000.0,3000.0,250.0,12509.996003199218,0.21982421091875126,1
2023-04-13 12:30:00+00:00,CPI,4.917719362889961,,-2.813115712992957,7.730835075882918,1.0181359651617456,-2.7630059336387873,1
2023-04-17 12:30:00+00:00,RETAIL,665071,672152.0,-7081.0,2837.5833333333335,10970.532152985867,-0.9041114136504106,1
2023-04-20 12:30:00+00:00,CLAIMS,223000,220000.0,3000.0,0.0,12421.180068164807,0.2415229457697767,1
2023-04-27 12:30:00+00:00,CLAIMS,209000,223000.0,-14000.0,750.0,12395.275597699212,-1.1899695076354628,-1
2023-05-04 12:30:00+00:00,CLAIMS,213000,209000.0,4000.0,250.0,12958.72568691196,0.28938030564127315,1
2023-05-05 12:30:00+00:00,NFP,155375,155134.0,241.0,318.25,167.0759897879927,-0.4623644612132757,1
2023-05-05 12:30:00+00:00,UNRATE,3.4,3.5,-0.10000000000000009,-0.01666666666666668,0.083484710993665,-0.99818676188095,-1
2023-05-10 12:30:00+00:00,PPI,256.908,257.062,-0.15399999999999636,-0.24599999999999986,4.889240692117179,0.018816827763937494,-1
2023-05-11 12:30:00+00:00,CPI,4.950079879124369,,-2.4762147298315575,7.426294608955927,1.2611462048408695,-1.9634636494378577,1
2023-05-11 12:30:00+00:00,CLAIMS,223000,213000.0,10000.0,-2125.0,9463.274878636457,1.2812689217527056,1
2023-05-15 12:30:00+00:00,RETAIL,670494,665071.0,5423.0,1170.3333333333333,10817.174083443184,0.3931402632389746,-1
2023-05-18 12:30:00+00:00,CLAIMS,225000,223000.0,2000.0,125.0,9991.961054485057,0.18765085149710178,1
2023-05-25 12:30:00+00:00,CLAIMS,227000,225000.0,2000.0,-625.0,9530.964574183778,0.2754180838223084,1
2023-06-01 12:30:00+00:00,CLAIMS,229000,227000.0,2000.0,-875.0,9417.878135306752,0.305270460999266,1
2023-06-02 12:30:00+00:00,NFP,155655,155375.0,280.0,312.6666666666667,168.5625502101057,-0.19379551760429076,1
2023-06-02 12:30:00+00:00,UNRATE,3.6,3.4,0.20000000000000018,-0.025000000000000022,0.08660254037843697,2.598076211353525,1
2023-06-08 12:30:00+00:00,CLAIMS,252000,229000.0,23000.0,1500.0,6803.360514170531,3.1602029548806425,1
2023-06-12 12:30:00+00:00,PPI,253.67,256.908,-3.238000000000028,-0.7001666666666656,4.570368113945487,-0.5552798527518417,1
2023-06-13 12:30:00+00:00,CPI,4.131851231385042,,-3.02097080326648,7.152822034651522,1.4168088349491137,-2.132236000190514,1
2023-06-15 12:30:00+00:00,CLAIMS,256000,252000.0,4000.0,4000.0,10239.97767855005,0.0,0
2023-06-15 12:30:00+00:00,RETAIL,673902,670494.0,3408.0,858.3333333333334,10617.713221810325,0.24013331434016139,-1
2023-06-22 12:30:00+00:00,CLAIMS,259000,256000.0,3000.0,4125.0,10232.127274984854,-0.10994781141457853,-1
2023-06-29 12:30:00+00:00,CLAIMS,236000,259000.0,-23000.0,6250.0,7265.377779976394,-4.0259434382908355,-1
2023-07-06 12:30:00+00:00,CLAIMS,248000,236000.0,12000.0,2875.0,12699.128204050763,0.7185532623483013,1
2023-07-07 12:30:00+00:00,NFP,155880,155655.0,225.0,310.9166666666667,168.80352125438577,-0.5089743746351763,1
2023-07-07 12:30:00+00:00,UNRATE,3.6,3.6,0.0,0.0,0.10444659357341296,0.0,0
2023-07-12 12:30:00+00:00,PPI,253.86,253.67,0.19000000000002615,-1.6317499999999991,3.70659827200089,0.4914883853913338,-1
2023-07-13 12:30:00+00:00,CLAIMS,230000,248000.0,-18000.0,3125.0,12877.860292546513,-1.6404122672635912,-1
2023-07-13 12:30:00+00:00,CPI,3.070617072997095,,-3.7150116312996753,6.78562870429677,1.5860161932205432,-2.3423541620694444,1
2023-07-17 12:30:00+00:00,RETAIL,677117,673902.0,3215.0,1171.25,10634.280521245675,0.19218507504263202,-1
2023-07-20 12:30:00+00:00,CLAIMS,229000,230000.0,-1000.0,625.0,14908.650413196949,-0.1089971228087534,-1
2023-07-27 12:30:00+00:00,CLAIMS,231000,229000.0,2000.0,250.0,14906.85364905506,0.11739566518860484,1
2023-08-03 12:30:00+00:00,CLAIMS,238000,231000.0,7000.0,250.0,14906.85364905506,0.4528118514417615,1
2023-08-04 12:30:00+00:00,UNRATE,3.5,3.6,-0.10000000000000009,0.0,0.10444659357341296,-0.9574271077563916,-1
2023-08-04 12:30:00+00:00,NFP,156043,155880.0,163.0,293.5,165.70318480508,-0.7875527567771843,1
2023-08-10 12:30:00+00:00,CLAIMS,258000,238000.0,20000.0,-1750.0,12256.193769451678,1.7746129352337303,1
2023-08-10 12:30:00+00:00,PPI,253.835,253.86,-0.025000000000005684,-2.199249999999997,2.6298041449714624,0.8267725960343657,-1
2023-08-11 12:30:00+00:00,CPI,3.287749268428297,,-3.005484100026081,6.293233368454378,1.7516053052383616,-1.7158455109937505,1
2023-08-15 12:30:00+00:00,RETAIL,678424,677117.0,1307.0,917.0,10537.430530343623,0.03701092015524606,-1
2023-08-17 12:30:00+00:00,CLAIMS,248000,258000.0,-10000.0,250.0,14439.529078195743,-0.709856945090952,-1
2023-08-24 12:30:00+00:00,CLAIMS,240000,248000.0,-8000.0,-1375.0,14812.518836638646,-0.4472568152023622,-1
2023-08-31 12:30:00+00:00,CLAIMS,234000,240000.0,-6000.0,500.0,12444.160994506752,-0.5223333258762327,-1
2023-09-01 12:30:00+00:00,NFP,156261,156043.0,218.0,247.58333333333334,103.10758576567095,-0.28691713721788004,1
2023-09-01 12:30:00+00:00,UNRATE,3.7,3.5,0.20000000000000018,0.0,0.10444659357341296,1.9148542155127832,1
2023-09-07 12:30:00+00:00,CLAIMS,225000,234000.0,-9000.0,-1750.0,11671.087597749669,-0.6211931783802128,-1
2023-09-12 12:30:00+00:00,PPI,257.68,253.835,3.844999999999999,-1.5365833333333327,1.9575033012085683,2.749207794444447,-1
2023-09-13 12:30:00+00:00,CPI,3.722504803505289,,-2.1394929433406054,5.861997746845894,1.8051604493702873,-1.1852092948784396,1
2023-09-14 12:30:00+00:00,CLAIMS,225000,225000.0,0.0,-625.0,10225.144078624608,0.06112383309165745,1
2023-09-15 12:30:00+00:00,RETAIL,684755,678424.0,6331.0,1572.8333333333333,10271.107560295104,0.4632574080968886,-1
2023-09-21 12:30:00+00:00,CLAIMS,211000,225000.0,-14000.0,-500.0,10226.017238959115,-1.320162061586172,-1
2023-09-28 12:30:00+00:00,CLAIMS,216000,211000.0,5000.0,-2500.0,11186.726828832354,0.6704373955632591,1
2023-10-05 12:30:00+00:00,CLAIMS,216000,216000.0,0.0,-2750.0,10964.227547545068,0.2508156628522121,1
2023-10-06 12:30:00+00:00,NFP,156417,156261.0,156.0,241.58333333333334,102.50805585490562,-0.8348937322006353,1
2023-10-06 12:30:00+00:00,UNRATE,3.7,3.7,0.0,0.00833333333333334,0.11645001528812636,-0.07156146190891084,-1
2023-10-11 12:30:00+00:00,PPI,258.934,257.68,1.254000000000019,-0.9888333333333321,2.4511892413621825,0.9149980325823219,-1
2023-10-12 12:30:00+00:00,CLAIMS,210000,216000.0,-6000.0,-5250.0,6341.47346555563,-0.11826904331835537,-1
2023-10-12 12:30:00+00:00,CPI,3.687206638119256,,-1.7997849108338437,5.4869915489531,1.736301615677402,-1.0365623659986485,1
2023-10-16 12:30:00+00:00,RETAIL,689403,684755.0,4648.0,1765.75,10342.659409411615,0.2786759078015476,-1
2023-10-19 12:30:00+00:00,CLAIMS,200000,210000.0,-10000.0,-4750.0,6065.122775820348,-0.8656049010137149,-1
2023-10-26 12:30:00+00:00,CLAIMS,214000,200000.0,14000.0,-5000.0,6256.425268707169,3.036877958893317,1
2023-11-02 12:30:00+00:00,CLAIMS,217000,214000.0,3000.0,-2500.0,9133.924207515183,0.6021508253237667,1
2023-11-03 12:30:00+00:00,NFP,156576,156417.0,159.0,236.25,105.35837111324989,-0.7332117911823433,1
2023-11-03 12:30:00+00:00,UNRATE,3.9,3.7,0.19999999999999973,0.01666666666666668,0.11146408580453716,1.6447749246768633,1
2023-11-09 13:30:00+00:00,CLAIMS,216000,217000.0,-1000.0,-1000.0,8896.227129683546,0.0,0
2023-11-10 13:30:00+00:00,PPI,255.192,258.934,-3.7420000000000186,-0.7469999999999999,2.5223657005424003,-1.187377389153359,1
2023-11-13 13:30:00+00:00,CPI,3.2512659098611785,,-1.8603172842330409,5.111583194094219,1.5780475794763253,-1.1788727465685076,1
2023-11-15 13:30:00+00:00,RETAIL,686148,689403.0,-3255.0,2295.75,10311.152216058446,-0.5383249013970852,1
2023-11-16 13:30:00+00:00,CLAIMS,230000,216000.0,14000.0,-1125.0,8887.189817777231,1.7018878081961462,1
2023-11-23 13:30:00+00:00,CLAIMS,213000,230000.0,-17000.0,2375.0,8601.287279076503,-2.2525698039561632,-1
2023-11-30 13:30:00+00:00,CLAIMS,213000,213000.0,0.0,-375.0,10861.95851848106,0.034524160570302026,1
2023-12-01 13:30:00+00:00,UNRATE,3.7,3.9,-0.19999999999999973,0.024999999999999984,0.12154310870109443,-1.8511950402168191,-1
2023-12-01 13:30:00+00:00,NFP,156703,156576.0,127.0,219.75,100.10187992059518,-0.9265560254569946,1
2023-12-07 13:30:00+00:00,CLAIMS,215000,213000.0,2000.0,-375.0,10861.95851848106,0.21865301694524614,1
2023-12-12 13:30:00+00:00,PPI,252.856,255.192,-2.3360000000000127,-0.8224166666666642,2.6027832815288487,-0.5815249176044672,1
2023-12-13 13:30:00+00:00,CPI,3.1333462745911866,,-1.6026079155170478,4.7359541901082345,1.4191021390829648,-1.129311183022151,1
2023-12-14 13:30:00+00:00,CLAIMS,203000,215000.0,-12000.0,625.0,10636.023693094165,-1.1870037491734107,-1
2023-12-15 13:30:00+00:00,RETAIL,685328,686148.0,-820.0,1456.4166666666667,10319.592217615893,-0.22059172675260819,1
2023-12-21 13:30:00+00:00,CLAIMS,209000,203000.0,6000.0,375.0,10940.586299256955,0.5141406361724902,1
2023-12-28 13:30:00+00:00,CLAIMS,212000,209000.0,3000.0,-625.0,9826.167687793235,0.3689128982098721,1
2024-01-04 13:30:00+00:00,CLAIMS,200000,212000.0,-12000.0,-625.0,9826.167687793235,-1.1576232323137365,-1
2024-01-05 13:30:00+00:00,NFP,156857,156703.0,154.0,205.08333333333334,99.68811211458745,-0.5124315452439817,1
2024-01-05 13:30:00+00:00,UNRATE,3.8,3.7,0.09999999999999964,0.00833333333333334,0.13789543689024047,0.6647548949689284,1
2024-01-10 13:30:00+00:00,PPI,249.866,252.856,-2.9899999999999807,-0.8584166666666656,2.6220195012912355,-0.8129547977364772,1
2024-01-11 13:30:00+00:00,CPI,3.3159099427102934,,-1.0875850655693737,4.403495008279667,1.2683941208212244,-0.8574504152267866,1
2024-01-11 13:30:00+00:00,CLAIMS,201000,200000.0,1000.0,-2000.0,10623.424252904677,0.28239482191250476,1
2024-01-15 13:30:00+00:00,RETAIL,686277,685328.0,949.0,2155.8333333333335,9802.176176129387,-0.12311891886541047,1
2024-01-18 13:30:00+00:00,CLAIMS,195000,201000.0,-6000.0,-3625.0,8634.441002672487,-0.27506123433640955,-1
2024-01-25 13:30:00+00:00,CLAIMS,224000,195000.0,29000.0,-2250.0,6902.380541734682,4.527423518748266,1
2024-01-31 19:00:00+00:00,FOMC,,,,,,,0
2024-02-01 13:30:00+00:00,CLAIMS,226000,224000.0,2000.0,1375.0,13092.39146549532,0.04773764988979839,1
2024-02-02 13:30:00+00:00,NFP,157032,156857.0,175.0,209.58333333333334,95.65036552069886,-0.3615598659249187,1
2024-02-02 13:30:00+00:00,UNRATE,3.7,3.8,-0.09999999999999964,0.024999999999999984,0.1356801050599891,-0.9212846639876391,-1
2024-02-08 13:30:00+00:00,CLAIMS,213000,226000.0,-13000.0,1375.0,13092.39146549532,-1.097965947465363,-1
2024-02-12 13:30:00+00:00,PPI,251.306,249.866,1.4399999999999977,-0.6692499999999981,2.3425928185744076,0.9003912174901939,-1
2024-02-13 13:30:00+00:00,CPI,3.0883429864855705,,-1.0577611501568587,4.146104136642429,1.1313900480900674,-0.9349217380358756,1
2024-02-15 13:30:00+00:00,RETAIL,680456,686277.0,-5821.0,2876.1666666666665,9318.116292600344,-0.9333610349522271,1
2024-02-15 13:30:00+00:00,CLAIMS,213000,213000.0,0.0,1250.0,13242.248406415101,-0.09439484607420953,-1
2024-02-22 13:30:00+00:00,CLAIMS,202000,213000.0,-11000.0,500.0,13103.979766252165,-0.8775959826813046,-1
2024-02-29 13:30:00+00:00,CLAIMS,212000,202000.0,10000.0,-1250.0,13646.035531037802,0.8244152651084604,1
2024-03-01 13:30:00+00:00,NFP,157238,157032.0,206.0,188.0,64.58398337894417,0.2787068721727128,-1
2024-03-01 13:30:00+00:00,UNRATE,3.9,3.7,0.19999999999999973,0.01666666666666668,0.140345893053443,1.3062963891898187,1
2024-03-07 13:30:00+00:00,CLAIMS,213000,212000.0,1000.0,1500.0,13384.425917569926,-0.037356850647112395,-1
2024-03-12 12:30:00+00:00,PPI,254.926,251.306,3.619999999999976,-0.7434166666666636,2.251314341701653,1.938164114109697,-1
2024-03-13 12:30:00+00:00,CPI,3.157074141648697,,-0.719127034037522,3.876201175686219,0.9326443219555602,-0.771062469484254,1
2024-03-14 12:30:00+00:00,CLAIMS,213000,213000.0,0.0,1500.0,13384.425917569926,-0.11207055194133718,-1
2024-03-15 12:30:00+00:00,RETAIL,685280,680456.0,4824.0,16.916666666666668,5014.240873539933,0.958686160990038,-1
2024-03-20 18:00:00+00:00,FOMC,,,,,,,0
2024-03-21 12:30:00+00:00,CLAIMS,213000,213000.0,0.0,2250.0,13068.500843087348,-0.17216970997787778,-1
2024-03-28 12:30:00+00:00,CLAIMS,214000,213000.0,1000.0,-1375.0,7366.6720534388905,0.32239795429624274,1
2024-04-04 12:30:00+00:00,CLAIMS,223000,214000.0,9000.0,-1500.0,7309.485031699008,1.4364897054258545,1
2024-04-05 12:30:00+00:00,NFP,157466,157238.0,228.0,181.0,56.57979080266681,0.8306852912185869,-1
2024-04-05 12:30:00+00:00,UNRATE,3.9,3.9,0.0,0.024999999999999984,0.1484771179187328,-0.16837611310372713,-1
2024-04-10 12:30:00+00:00,PPI,255.095,254.926,0.16900000000001114,-0.31191666666666623,2.556526957286652,0.18811327817059054,-1
2024-04-11 12:30:00+00:00,CLAIMS,213000,223000.0,-10000.0,1250.0,6453.127702356243,-1.7433406743046886,-1
2024-04-11 12:30:00+00:00,CPI,3.4868349120836584,,-0.1559707138951949,3.6428056259788533,0.6808017760407341,-0.22909857080904966,0
2024-04-15 12:30:00+00:00,RETAIL,687641,685280.0,2361.0,1094.0,4470.660963945397,0.28340328426109535,-1
2024-04-18 12:30:00+00:00,CLAIMS,212000,213000.0,-1000.0,0.0,7596.991885894451,-0.13163104752773636,-1
2024-04-25 12:30:00+00:00,CLAIMS,209000,212000.0,-3000.0,1250.0,6227.817778786941,-0.6824220217997159,-1
2024-05-01 18:00:00+00:00,FOMC,,,,,,,0
2024-05-02 12:30:00+00:00,CLAIMS,207000,209000.0,-2000.0,-375.0,5235.524260833361,-0.3103796141594694,-1
2024-05-03 12:30:00+00:00,UNRATE,3.9,3.9,0.0,0.033333333333333326,0.1435481125130503,-0.23221018200641902,-1
2024-05-03 12:30:00+00:00,NFP,157530,157466.0,64.0,194.33333333333334,45.24746770079153,-2.8804558565617446,1
2024-05-09 12:30:00+00:00,CLAIMS,230000,207000.0,23000.0,-750.0,5230.40561115515,4.540756829517615,1
2024-05-10 12:30:00+00:00,PPI,256.978,255.095,1.8830000000000098,-0.16391666666666774,2.5259619754689844,0.81035133804286,-1
2024-05-13 12:30:00+00:00,CPI,3.3607951262196734,,-0.1627701288586545,3.523565255078328,0.5499342336928508,-0.2959810808024089,0
2024-05-15 12:30:00+00:00,RETAIL,687602,687641.0,-39.0,1880.8333333333333,3658.1203278915073,-0.5248141562472605,1
2024-05-16 12:30:00+00:00,CLAIMS,222000,230000.0,-8000.0,2125.0,9920.217451536771,-1.0206429495586817,-1
2024-05-23 12:30:00+00:00,CLAIMS,216000,222000.0,-6000.0,1125.0,10548.358030656598,-0.6754605768303158,-1
2024-05-30 12:30:00+00:00,CLAIMS,220000,216000.0,4000.0,250.0,10846.32920129744,0.34573909111586104,1
2024-06-06 12:30:00+00:00,CLAIMS,227000,220000.0,7000.0,-375.0,10405.184147477523,0.7087813051139402,1
2024-06-07 12:30:00+00:00,NFP,157608,157530.0,78.0,179.58333333333334,56.18064748217095,-1.8081552613926537,1
2024-06-07 12:30:00+00:00,UNRATE,3.9,3.9,0.0,0.041666666666666664,0.1378954368902403,-0.30216131589496903,-1
2024-06-12 12:30:00+00:00,PPI,255.313,256.978,-1.6650000000000205,0.005833333333332765,2.5942122935955823,-0.6440619133053199,1
2024-06-12 18:00:00+00:00,FOMC,,,,,,,0
2024-06-13 12:30:00+00:00,CPI,3.244278584003113,,-0.1468462749998234,3.3911248590029364,0.31734250429306277,-0.4627374934440306,0
2024-06-13 12:30:00+00:00,CLAIMS,240000,227000.0,13000.0,1750.0,9881.44003386741,1.1384980287733388,1
2024-06-17 12:30:00+00:00,RETAIL,692774,687602.0,5172.0,1425.6666666666667,3514.2952567356774,1.0660269156818625,-1
2024-06-20 12:30:00+00:00,CLAIMS,236000,240000.0,-4000.0,3500.0,10542.431272857204,-0.7114108506744246,-1
2024-06-27 12:30:00+00:00,CLAIMS,233000,236000.0,-3000.0,3375.0,10636.023693094165,-0.5993781307707322,-1
2024-07-04 12:30:00+00:00,CLAIMS,238000,233000.0,5000.0,3250.0,10713.809513229862,0.1633405930765361,1
2024-07-05 12:30:00+00:00,NFP,157695,157608.0,87.0,162.75,53.559015877991605,-1.414327704836098,1
2024-07-05 12:30:00+00:00,UNRATE,4.1,3.9,0.19999999999999973,0.024999999999999984,0.12880570286640194,1.3586354959881768,1
2024-07-10 12:30:00+00:00,PPI,255.914,255.313,0.6009999999999991,0.13691666666666671,2.45120280153284,0.18932881973010215,-1
2024-07-11 12:30:00+00:00,CLAIMS,223000,238000.0,-15000.0,1000.0,7329.0030505073555,-2.183107291638034,-1
2024-07-11 12:30:00+00:00,CPI,2.9702579486470926,,-0.3469025230740166,3.317160471721109,0.21637686358593794,-1.6032329765988962,1
2024-07-15 12:30:00+00:00,RETAIL,692449,692774.0,-325.0,1572.6666666666667,3639.418568281374,-0.5214202848788545,1
2024-07-18 12:30:00+00:00,CLAIMS,241000,223000.0,18000.0,125.0,8822.657519950897,2.0260335346327127,1
2024-07-25 12:30:00+00:00,CLAIMS,237000,241000.0,-4000.0,3125.0,10384.569596971563,-0.6861141363121928,-1
2024-07-31 18:00:00+00:00,FOMC,,,,,,,0
2024-08-01 12:30:00+00:00,CLAIMS,248000,237000.0,11000.0,2125.0,10669.5494616383,0.8318064443029679,1
2024-08-02 12:30:00+00:00,NFP,157748,157695.0,53.0,151.25,53.7927419909958,-1.8264545803678451,1
2024-08-02 12:30:00+00:00,UNRATE,4.2,4.1,0.10000000000000053,0.04166666666666663,0.13789543689024025,0.4230258422529609,1
2024-08-08 12:30:00+00:00,CLAIMS,234000,248000.0,-14000.0,2625.0,11018.653015944132,-1.5088051121986883,-1
2024-08-12 12:30:00+00:00,PPI,257.321,255.914,1.407000000000039,0.17116666666666447,2.454880587110036,0.5034189197724837,-1
2024-08-13 12:30:00+00:00,CPI,2.9414757935583014,,-0.3673214178003077,3.308797211358609,0.22837903136158244,-1.608385041351471,1
2024-08-15 12:30:00+00:00,CLAIMS,228000,234000.0,-6000.0,-750.0,11510.864433223962,-0.4560908549011189,-1
2024-08-15 12:30:00+00:00,RETAIL,698835,692449.0,6386.0,1277.6666666666667,3637.664368878167,1.404289350341772,-1
2024-08-22 12:30:00+00:00,CLAIMS,232000,228000.0,4000.0,-1000.0,11612.8008188035,0.43055935239188614,1
2024-08-29 12:30:00+00:00,CLAIMS,232000,232000.0,0.0,-125.0,11703.937066526087,0.010680166792549404,1
2024-09-05 12:30:00+00:00,CLAIMS,227000,232000.0,-5000.0,-750.0,11523.26838556556,-0.3688189719961478,-1
2024-09-06 12:30:00+00:00,NFP,157757,157748.0,9.0,142.08333333333334,60.5556968768683,-2.19770129314076,1
2024-09-06 12:30:00+00:00,UNRATE,4.2,4.2,0.0,0.05833333333333335,0.13113721705514578,-0.4448266834029506,-1
2024-09-11 12:30:00+00:00,PPI,255.463,257.321,-1.8580000000000325,0.29050000000000153,2.4791630369212085,-0.8666231175615565,1
2024-09-12 12:30:00+00:00,CLAIMS,227000,227000.0,0.0,500.0,10226.017238959113,-0.04889489116985823,-1
2024-09-12 12:30:00+00:00,CPI,2.607144490692037,,-0.6727965977607382,3.2799410884527753,0.2519409562405714,-2.670453457826458,1
2024-09-16 12:30:00+00:00,RETAIL,697039,698835.0,-1796.0,1700.9166666666667,3925.4779085616815,-0.8908257155236311,1
2024-09-18 18:00:00+00:00,FOMC,,,,,,,0
2024-09-19 12:30:00+00:00,CLAIMS,223000,227000.0,-4000.0,-1750.0,7421.012637874225,-0.3031931233369413,-1
2024-09-26 12:30:00+00:00,CLAIMS,221000,223000.0,-2000.0,-1750.0,7421.012637874225,-0.0336881248152157,-1
2024-10-03 12:30:00+00:00,CLAIMS,227000,221000.0,6000.0,-3375.0,5370.222128957619,1.745737843775137,1
2024-10-04 12:30:00+00:00,NFP,157912,157757.0,155.0,124.66666666666667,66.49994303939758,0.4561407415847332,-1
2024-10-04 12:30:00+00:00,UNRATE,4.1,4.2,-0.10000000000000053,0.041666666666666664,0.12401124093720939,-1.1423695593724223,-1
2024-10-10 12:30:00+00:00,PPI,252.682,255.463,-2.781000000000006,-0.18475000000000108,2.2739627855354265,-1.1417293266691226,1
2024-10-10 12:30:00+00:00,CLAIMS,258000,227000.0,31000.0,-875.0,4257.346591488692,7.487057798799998,1
2024-10-11 12:30:00+00:00,CPI,2.4264830315416708,,-0.7605113641766672,3.186994395718338,0.27819879542573644,-2.733697545357206,1
2024-10-15 12:30:00+00:00,RETAIL,703055,697039.0,6016.0,1023.6666666666666,3751.240869446508,1.3308485130868035,-1
2024-10-17 12:30:00+00:00,CLAIMS,241000,258000.0,-17000.0,3750.0,11622.023428452076,-1.7854033876064617,-1
2024-10-24 12:30:00+00:00,CLAIMS,227000,241000.0,-14000.0,1125.0,13736.681861770292,-1.1010664840461546,-1
2024-10-31 12:30:00+00:00,CLAIMS,219000,227000.0,-8000.0,-625.0,14754.539253107463,-0.4998461743525299,-1
2024-11-01 12:30:00+00:00,NFP,157945,157912.0,33.0,124.58333333333333,66.45772180777404,-1.3780691068260509,1
2024-11-01 12:30:00+00:00,UNRATE,4.1,4.1,0.0,0.03333333333333329,0.13026778945578107,-0.2558831578595887,-1
2024-11-07 13:30:00+00:00,CLAIMS,221000,219000.0,2000.0,-1000.0,14918.827989205081,0.20108818213942345,1
2024-11-07 19:00:00+00:00,FOMC,,,,,,,0
2024-11-12 13:30:00+00:00,PPI,253.081,252.682,0.3990000000000009,-0.5210000000000031,2.339264025675215,0.3932860890871228,-1
2024-11-13 13:30:00+00:00,CPI,2.578844053871343,,-0.5030900412988628,3.081934095170206,0.30852339149841945,-1.6306382438475175,1
2024-11-14 13:30:00+00:00,CLAIMS,218000,221000.0,-3000.0,-750.0,14954.693482078379,-0.1504544377787741,-1
2024-11-15 13:30:00+00:00,RETAIL,708290,703055.0,5235.0,1137.6666666666667,3889.631165812555,1.0533989364714966,-1
2024-11-21 13:30:00+00:00,CLAIMS,216000,218000.0,-2000.0,-625.0,14927.802440893505,-0.0921100078490655,-1
2024-11-28 13:30:00+00:00,CLAIMS,219000,216000.0,3000.0,-625.0,14927.802440893505,0.24283547523844543,1
2024-12-05 13:30:00+00:00,CLAIMS,222000,219000.0,3000.0,-1000.0,14774.495398685352,0.2707368266774054,1
2024-12-06 13:30:00+00:00,NFP,158079,157945.0,134.0,114.08333333333333,70.36458088004872,0.28304960276277114,-1
2024-12-06 13:30:00+00:00,UNRATE,4.2,4.1,0.10000000000000053,0.016666666666666646,0.11934162828796577,0.6982754846636955,1
2024-12-11 13:30:00+00:00,PPI,253.211,253.081,0.13000000000002387,-0.1759166666666682,2.1156620910091846,0.14459618479091232,-1
2024-12-12 13:30:00+00:00,CLAIMS,238000,222000.0,16000.0,-4500.0,7764.387566690283,2.64025975312545,1
2024-12-12 13:30:00+00:00,CPI,2.719472461284833,,-0.30642647921955346,3.0258989405043866,0.3349084783536913,-0.9149558730965942,1
2024-12-16 13:30:00+00:00,RETAIL,711853,708290.0,3563.0,1845.1666666666667,3788.82905474242,0.45339425677786843,-1
2024-12-18 19:00:00+00:00,FOMC,,,,,,,0
2024-12-19 13:30:00+00:00,CLAIMS,222000,238000.0,-16000.0,-375.0,8863.045268339309,-1.7629380790613627,-1
2024-12-26 13:30:00+00:00,CLAIMS,219000,222000.0,-3000.0,-625.0,9318.75988071085,-0.2548622381521039,-1
2025-01-02 13:30:00+00:00,CLAIMS,212000,219000.0,-7000.0,0.0,8912.270834564657,-0.7854339404556407,-1
2025-01-03 13:30:00+00:00,NFP,158316,158079.0,237.0,114.66666666666667,70.5102614496475,1.7349720568075542,-1
2025-01-03 13:30:00+00:00,UNRATE,4.1,4.2,-0.10000000000000053,0.041666666666666664,0.09962049198955596,-1.4220635116068217,-1
2025-01-09 13:30:00+00:00,CLAIMS,206000,212000.0,-6000.0,-1125.0,9187.530369243666,-0.5306104909671518,-1
2025-01-10 13:30:00+00:00,PPI,253.423,253.211,0.21199999999998909,0.02958333333333485,2.0035683829486666,0.09104589003255795,-1
2025-01-13 13:30:00+00:00,CPI,2.870690967509981,,-0.12071848855220901,2.99140945606219,0.3440241192290418,-0.3509012357120169,0
2025-01-15 13:30:00+00:00,RETAIL,717265,711853.0,5412.0,2210.4166666666665,3719.1693710566333,0.8608328940996168,-1
2025-01-16 13:30:00+00:00,CLAIMS,219000,206000.0,13000.0,-1500.0,9335.033858691544,1.553288420748418,1
2025-01-23 13:30:00+00:00,CLAIMS,223000,219000.0,4000.0,375.0,10636.023693094163,0.34082285867355366,1
2025-01-29 19:00:00+00:00,FOMC,,,,,,,0
2025-01-30 13:30:00+00:00,CLAIMS,212000,223000.0,-11000.0,500.0,10677.07825203414,-1.0770736833186627,-1
2025-02-06 13:30:00+00:00,CLAIMS,220000,212000.0,8000.0,-1250.0,11335.784048757298,0.8160000190735854,1
2025-02-07 13:30:00+00:00,NFP,158268,158316.0,-48.0,121.58333333333333,78.35404303931452,-2.16432141540219,1
2025-02-07 13:30:00+00:00,UNRATE,4.0,4.1,-0.09999999999999964,0.024999999999999984,0.10552897060221149,-1.1845088536984183,-1
2025-02-12 13:30:00+00:00,PPI,257.36,253.423,3.937000000000012,0.29641666666666566,1.763729027751532,2.0641398287663826,-1
2025-02-13 13:30:00+00:00,CLAIMS,216000,220000.0,-4000.0,-2250.0,9852.48337077962,-0.17762019321850667,-1
2025-02-13 13:30:00+00:00,CPI,2.9909783078999608,,0.03667043310446294,2.954307874795498,0.32954963764315715,0.11127438454103357,0
2025-02-17 13:30:00+00:00,RETAIL,711260,717265.0,-6005.0,2582.3333333333335,3803.7484940595564,-2.2575975637570322,1
2025-02-20 13:30:00+00:00,CLAIMS,223000,216000.0,7000.0,-750.0,8241.87911999635,0.9403195420807666,1
2025-02-27 13:30:00+00:00,CLAIMS,241000,223000.0,18000.0,500.0,8602.325267046137,2.0343336780160075,1
2025-03-06 13:30:00+00:00,CLAIMS,224000,241000.0,-17000.0,3625.0,9927.415143360924,-2.0775800852645125,-1
2025-03-07 13:30:00+00:00,UNRATE,4.2,4.0,0.20000000000000018,0.024999999999999984,0.10552897060221149,1.6583123951777925,1
2025-03-07 13:30:00+00:00,NFP,158310,158268.0,42.0,103.0,90.09792652240681,-0.6770411079863161,1
2025-03-12 12:30:00+00:00,PPI,259.498,257.36,2.137999999999977,0.5045000000000002,2.037034854880996,0.8019008590284559,-1
2025-03-13 12:30:00+00:00,CLAIMS,222000,224000.0,-2000.0,2250.0,11997.023440363522,-0.3542545383133152,-1
2025-03-13 12:30:00+00:00,CPI,2.8015834477613355,,-0.14461070381869456,2.94619415158003,0.32713938089046846,-0.4420461499470544,0
2025-03-17 12:30:00+00:00,RETAIL,711575,711260.0,315.0,2567.0,3840.8922968970855,-0.5863220902651468,1
2025-03-19 18:00:00+00:00,FOMC,,,,,,,0
2025-03-20 12:30:00+00:00,CLAIMS,225000,222000.0,3000.0,375.0,11224.176711777272,0.23387015969248304,1
2025-03-27 12:30:00+00:00,CLAIMS,224000,225000.0,-1000.0,250.0,11183.533814116581,-0.11177146873040872,-1
2025-04-03 12:30:00+00:00,CLAIMS,220000,224000.0,-4000.0,1500.0,10267.841614898032,-0.5356529839747259,-1
2025-04-04 12:30:00+00:00,NFP,158377,158310.0,67.0,89.33333333333333,85.36800905314352,-0.26161244219049695,1
2025-04-04 12:30:00+00:00,UNRATE,4.2,4.2,0.0,0.025000000000000022,0.10552897060221154,-0.23690177073968446,-1
2025-04-10 12:30:00+00:00,CLAIMS,223000,220000.0,3000.0,0.0,10056.980518173312,0.2983002696066574,1
2025-04-10 12:30:00+00:00,PPI,258.525,259.498,-0.9730000000000132,0.3810000000000002,1.8689709370764465,-0.7244628437711392,1
2025-04-11 12:30:00+00:00,CPI,2.381981462805549,,-0.5345884642838672,2.9165699270894163,0.3223680377161988,-1.6583172080927564,1
2025-04-15 12:30:00+00:00,RETAIL,723339,711575.0,11764.0,2191.25,3820.521005046266,2.5056137598395627,-1
2025-04-17 12:30:00+00:00,CLAIMS,217000,223000.0,-6000.0,875.0,9963.325606589275,-0.6900306455359844,-1
2025-04-24 12:30:00+00:00,CLAIMS,224000,217000.0,7000.0,-750.0,9881.44003386741,0.7842986420438556,1
2025-05-01 12:30:00+00:00,CLAIMS,239000,224000.0,15000.0,-2125.0,7337.525857831515,2.3338929677122815,1
2025-05-02 12:30:00+00:00,NFP,158485,158377.0,108.0,75.91666666666667,73.40728021034008,0.4370592840574156,-1
2025-05-02 12:30:00+00:00,UNRATE,4.2,4.2,0.0,0.025000000000000022,0.10552897060221154,-0.23690177073968446,-1
2025-05-07 18:00:00+00:00,FOMC,,,,,,,0
2025-05-08 12:30:00+00:00,CLAIMS,228000,239000.0,-11000.0,1875.0,6770.47160206334,-1.9016400565178164,-1
2025-05-12 12:30:00+00:00,PPI,258.392,258.525,-0.13299999999998136,0.28583333333333155,1.9093851382213742,-0.21935508187911398,1
2025-05-13 12:30:00+00:00,CPI,2.32538823025783,,-0.49911057605841114,2.824498806316241,0.3018112364346993,-1.6537176745120954,1
2025-05-15 12:30:00+00:00,CLAIMS,226000,228000.0,-2000.0,750.0,8119.641089890109,-0.33868492086726193,-1
2025-05-15 12:30:00+00:00,RETAIL,722442,723339.0,-897.0,2974.8333333333335,4717.48085380962,-0.820741716462213,1
2025-05-22 12:30:00+00:00,CLAIMS,225000,226000.0,-1000.0,125.0,8114.141095294444,-0.1386468372669056,-1
2025-05-29 12:30:00+00:00,CLAIMS,236000,225000.0,11000.0,125.0,8114.141095294444,1.3402527602467542,1
2025-06-05 12:30:00+00:00,CLAIMS,244000,236000.0,8000.0,2000.0,8734.169352936471,0.6869571401180549,1
2025-06-06 12:30:00+00:00,NFP,158498,158485.0,13.0,79.58333333333333,73.8554587547826,-0.9015357084762762,1
2025-06-06 12:30:00+00:00,UNRATE,4.3,4.2,0.09999999999999964,0.025000000000000022,0.10552897060221154,0.7107053122190492,1
2025-06-11 12:30:00+00:00,PPI,258.678,258.392,0.28600000000000136,0.11783333333333228,1.8436391795149256,0.09121452209044228,-1
2025-06-12 12:30:00+00:00,CLAIMS,246000,244000.0,2000.0,2625.0,8991.06699532075,-0.06951344043207226,-1
2025-06-12 12:30:00+00:00,CPI,2.3772651073680873,,-0.36094979095133306,2.7382148983194203,0.28190083973263275,-1.2804140324437268,1
2025-06-16 12:30:00+00:00,RETAIL,714568,722442.0,-7874.0,2903.3333333333335,4773.482021130942,-2.257750900836105,1
2025-06-18 18:00:00+00:00,FOMC,,,,,,,0
2025-06-19 12:30:00+00:00,CLAIMS,243000,246000.0,-3000.0,3625.0,8314.144574161579,-0.7968348326043011,-1
2025-06-26 12:30:00+00:00,CLAIMS,236000,243000.0,-7000.0,2375.0,8484.229066756936,-1.1049913818019481,-1
2025-07-03 12:30:00+00:00,CLAIMS,231000,236000.0,-5000.0,-375.0,7288.689868560769,-0.6345447650269219,-1
2025-07-04 12:30:00+00:00,UNRATE,4.1,4.3,-0.20000000000000018,0.033333333333333326,0.10730867399772631,-2.1744126046910006,-1
2025-07-04 12:30:00+00:00,NFP,158478,158498.0,-20.0,74.16666666666667,76.32446686629942,-1.2337677619369702,1
2025-07-10 12:30:00+00:00,CLAIMS,228000,231000.0,-3000.0,375.0,6277.795336403911,-0.5376091158035888,-1
2025-07-10 12:30:00+00:00,PPI,260.491,258.678,1.8129999999999882,0.2804166666666674,1.7560711550262391,0.8727341878754458,-1
2025-07-11 12:30:00+00:00,CPI,2.680453865910226,,0.014490090643724418,2.6659637752665017,0.24967078652656685,0.05803678854587404,0
2025-07-15 12:30:00+00:00,RETAIL,723033,714568.0,8465.0,1816.1666666666667,5620.322909411908,1.1829984576507269,-1
2025-07-17 12:30:00+00:00,CLAIMS,221000,228000.0,-7000.0,250.0,6341.4734655556285,-1.1432674187441023,-1
2025-07-24 12:30:00+00:00,CLAIMS,218000,221000.0,-3000.0,-500.0,6845.227743267806,-0.36521794361900056,-1
2025-07-30 18:00:00+00:00,FOMC,,,,,,,0
2025-07-31 12:30:00+00:00,CLAIMS,219000,218000.0,1000.0,-2250.0,5035.587637724446,0.6454063028617365,1
2025-08-01 12:30:00+00:00,UNRATE,4.3,4.1,0.20000000000000018,0.0,0.11281521496354799,1.7728105208559208,1
2025-08-01 12:30:00+00:00,NFP,158542,158478.0,64.0,65.25,80.8074310264315,-0.015468874385960054,1
2025-08-07 12:30:00+00:00,CLAIMS,226000,219000.0,7000.0,-3125.0,3313.931631341127,3.055283308878185,1
2025-08-12 12:30:00+00:00,PPI,262.358,260.491,1.8670000000000186,0.3814166666666665,1.8102051846699851,0.8206712398761502,-1
2025-08-13 12:30:00+00:00,CPI,2.742618052167134,,0.10080461712870425,2.6418134350384297,0.23086924076955978,0.4366307819642442,0
2025-08-14 12:30:00+00:00,CLAIMS,224000,226000.0,-2000.0,-2500.0,4629.100498869282,0.1080123449733121,1
2025-08-15 12:30:00+00:00,RETAIL,727727,723033.0,4694.0,2548.6666666666665,5882.578598684144,0.36469267640779446,-1
2025-08-21 12:30:00+00:00,CLAIMS,233000,224000.0,9000.0,-2375.0,4627.171304995601,2.4583053555245056,1
2025-08-28 12:30:00+00:00,CLAIMS,229000,233000.0,-4000.0,-375.0,5680.480361986788,-0.6381502564920638,-1
2025-09-04 12:30:00+00:00,CLAIMS,236000,229000.0,7000.0,-250.0,5574.175147184467,1.300640867673847,1
2025-09-05 12:30:00+00:00,NFP,158472,158542.0,-70.0,66.16666666666667,80.71817789336438,-1.686939301907366,1
2025-09-05 12:30:00+00:00,UNRATE,4.3,4.3,0.0,0.008333333333333304,0.12401124093720976,-0.06719820937484768,-1
2025-09-10 12:30:00+00:00,PPI,262.11,262.358,-0.24799999999999045,0.4197499999999981,1.8385462203995546,-0.3631945678552876,1
2025-09-11 12:30:00+00:00,CPI,2.9385917430316155,,0.31334978644244993,2.6252419565891656,0.2139191318345832,1.4648048716126676,-1
2025-09-11 12:30:00+00:00,CLAIMS,259000,236000.0,23000.0,1000.0,5976.143046677022,3.6813041167468197,1
2025-09-15 12:30:00+00:00,RETAIL,731700,727727.0,3973.0,2407.6666666666665,5801.965158200231,0.2697936458858191,-1
2025-09-17 18:00:00+00:00,FOMC,,,,,,,0
2025-09-18 12:30:00+00:00,CLAIMS,233000,259000.0,-26000.0,4750.0,8924.28468522366,-3.4456543111980906,-1
2025-09-25 12:30:00+00:00,CLAIMS,219000,233000.0,-14000.0,1875.0,14024.850393907556,-1.1319193826763496,-1
2025-10-02 12:30:00+00:00,CLAIMS,225000,219000.0,6000.0,0.0,15118.578920371086,0.39686269665963614,1
2025-10-03 12:30:00+00:00,NFP,158548,158472.0,76.0,59.583333333333336,88.63762625363651,0.18521103689860086,-1
2025-10-03 12:30:00+00:00,UNRATE,4.4,4.3,0.10000000000000053,0.008333333333333304,0.12401124093720976,0.7391803031233317,1
2025-10-09 12:30:00+00:00,CLAIMS,233000,225000.0,8000.0,-125.0,15056.44143121106,0.5396361442457036,1
2025-10-10 12:30:00+00:00,PPI,262.054,262.11,-0.05600000000004002,0.5539166666666683,1.7115785089864446,-0.3563474672440741,1
2025-10-13 12:30:00+00:00,CPI,3.0225715847133294,,0.36970902376253223,2.652862560950797,0.2320033584360156,1.5935503100249067,-1
2025-10-15 12:30:00+00:00,RETAIL,732192,731700.0,492.0,2888.4166666666665,5659.238664798583,-0.423452129978681,1
2025-10-16 12:30:00+00:00,CLAIMS,222000,233000.0,-11000.0,1125.0,15291.804527731385,-0.7929083829192004,-1
2025-10-23 12:30:00+00:00,CLAIMS,231000,222000.0,9000.0,-1375.0,15454.426088158243,0.6713287145583304,1
2025-10-29 18:00:00+00:00,FOMC,,,,,,,0
2025-10-30 12:30:00+00:00,CLAIMS,221000,231000.0,-10000.0,250.0,15818.163158671303,-0.647989270130969,-1
2025-11-06 13:30:00+00:00,CLAIMS,228000,221000.0,7000.0,-1875.0,15923.36558107713,0.5573570458337523,1
2025-11-07 13:30:00+00:00,NFP,158408,158548.0,-140.0,53.0,83.70293793041179,-2.3057733070308073,1
2025-11-12 13:30:00+00:00,PPI,260.591,262.054,-1.4629999999999654,0.7809999999999988,1.3769544126605917,-1.629683582380946,1
2025-11-13 13:30:00+00:00,CLAIMS,228000,228000.0,0.0,-3875.0,13108.748441950745,0.29560411637766937,1
2025-11-17 13:30:00+00:00,RETAIL,731051,732192.0,-1141.0,2428.0833333333335,5606.124564151925,-0.6366400340362847,1
2025-11-20 13:30:00+00:00,CLAIMS,222000,228000.0,-6000.0,-625.0,9590.732133534084,-0.5604368806429556,-1
2025-11-27 13:30:00+00:00,CLAIMS,218000,222000.0,-4000.0,375.0,8331.309278005148,-0.5251275464650079,-1
2025-12-04 13:30:00+00:00,CLAIMS,216000,218000.0,-2000.0,-875.0,8114.141095294443,-0.1386468372669056,-1
2025-12-05 13:30:00+00:00,NFP,158449,158408.0,41.0,38.583333333333336,100.6447020990503,0.02401186169032804,-1
2025-12-05 13:30:00+00:00,UNRATE,4.5,4.4,0.09999999999999964,0.02500000000000006,0.12154310870109451,0.6170650134056033,1
2025-12-10 13:30:00+00:00,PPI,261.914,260.591,1.322999999999979,0.6258333333333349,1.5212653126641513,0.4582807882773024,-1
2025-12-10 19:00:00+00:00,FOMC,,,,,,,0
2025-12-11 13:30:00+00:00,CLAIMS,235000,216000.0,19000.0,-2125.0,7278.883352355858,2.902230874899617,1
2025-12-11 13:30:00+00:00,CPI,2.988299628363511,,0.2857630213150757,2.7025366070484353,0.24269473572388023,1.1774586723636038,-1
2025-12-15 13:30:00+00:00,RETAIL,734718,731051.0,3667.0,1896.75,5618.045213659909,0.3151007036568081,-1
2025-12-18 13:30:00+00:00,CLAIMS,224000,235000.0,-11000.0,1625.0,9455.723890098245,-1.335170119891141,-1
2025-12-25 13:30:00+00:00,CLAIMS,215000,224000.0,-9000.0,-875.0,9862.44681318574,-0.8238320726999678,-1
2026-01-01 13:30:00+00:00,CLAIMS,203000,215000.0,-12000.0,-750.0,9735.795513761303,-1.1555296107132085,-1
2026-01-02 13:30:00+00:00,NFP,158432,158449.0,-17.0,30.833333333333332,96.10773626351562,-0.4977053377074682,1
2026-01-02 13:30:00+00:00,UNRATE,4.4,4.5,-0.09999999999999964,0.03333333333333336,0.12309149097932783,-1.0832051206181685,-1
2026-01-08 13:30:00+00:00,CLAIMS,207000,203000.0,4000.0,-3125.0,9891.374308676532,0.7203245754990872,1
2026-01-12 13:30:00+00:00,PPI,261.333,261.914,-0.5809999999999604,0.7252499999999978,1.5248939232853984,-0.8566169620412876,1
2026-01-13 13:30:00+00:00,CPI,3.00226204316838,,0.26560413824559737,2.7366579049227826,0.252316104635908,1.0526642309608576,-1
2026-01-15 13:30:00+00:00,RETAIL,734717,734718.0,-1.0,1905.4166666666667,5620.928804813989,-0.33916399457576035,1
2026-01-15 13:30:00+00:00,CLAIMS,201000,207000.0,-6000.0,-2625.0,10169.105874450059,-0.3318875859557828,-1
2026-01-22 13:30:00+00:00,CLAIMS,210000,201000.0,9000.0,-2625.0,10169.105874450059,1.1431683516254743,1
2026-01-28 19:00:00+00:00,FOMC,,,,,,,0
2026-01-29 13:30:00+00:00,CLAIMS,211000,210000.0,1000.0,-1000.0,10928.337999377207,0.18301044496555446,1
2026-02-05 13:30:00+00:00,CLAIMS,230000,211000.0,19000.0,-625.0,10940.586299256955,1.7937795528684655,1
2026-02-06 13:30:00+00:00,NFP,158592,158432.0,160.0,9.666666666666666,71.35740177360195,2.106765795793701,-1
2026-02-06 13:30:00+00:00,UNRATE,4.3,4.4,-0.10000000000000053,0.01666666666666668,0.12673044646257997,-0.920589092228249,-1
2026-02-11 13:30:00+00:00,PPI,263.608,261.333,2.2749999999999773,0.6591666666666688,1.5657927317457685,1.0319586370360447,-1
2026-02-12 13:30:00+00:00,CLAIMS,230000,230000.0,0.0,-625.0,10940.586299256955,0.0571267373524989,1
2026-02-12 13:30:00+00:00,CPI,2.8286797395498997,,0.06845603613682139,2.7602237034130783,0.26352223292841526,0.2597732850700957,0
2026-02-16 13:30:00+00:00,RETAIL,734503,734717.0,-214.0,1454.3333333333333,5530.410396301064,-0.3016653763071859,1
2026-02-19 13:30:00+00:00,CLAIMS,208000,230000.0,-22000.0,750.0,10110.10809607623,-2.2502232205439383,-1
2026-02-26 13:30:00+00:00,CLAIMS,211000,208000.0,3000.0,-875.0,12631.451675426377,0.30677392429395484,1
2026-03-05 13:30:00+00:00,CLAIMS,214000,211000.0,3000.0,1000.0,11832.159566201784,0.16903085094566686,1
2026-03-06 13:30:00+00:00,NFP,158436,158592.0,-156.0,27.0,80.72399665752516,-2.2669838905076136,1
2026-03-06 13:30:00+00:00,UNRATE,4.4,4.3,0.10000000000000053,0.01666666666666668,0.12673044646257997,0.6575636373058932,1
2026-03-11 12:30:00+00:00,PPI,269.553,263.608,5.944999999999993,0.5206666666666658,1.300535367617592,4.1708464593854035,-1
2026-03-12 12:30:00+00:00,CLAIMS,213000,214000.0,-1000.0,875.0,11801.18032837892,-0.15888241242200907,-1
2026-03-12 12:30:00+00:00,CPI,2.6645890876940914,,-0.09213368005564648,2.756722767749738,0.2621969720308555,-0.351391090987901,0
2026-03-16 12:30:00+00:00,RETAIL,741278,734503.0,6775.0,1936.9166666666667,5052.334050323706,0.9575937151311985,-1
2026-03-18 18:00:00+00:00,FOMC,,,,,,,0
2026-03-19 12:30:00+00:00,CLAIMS,205000,213000.0,-8000.0,1500.0,11513.966674065416,-0.8250848963631477,-1
2026-03-26 12:30:00+00:00,CLAIMS,211000,205000.0,6000.0,-625.0,11500.776371311527,0.5760480672005709,1
2026-04-02 12:30:00+00:00,CLAIMS,203000,211000.0,-8000.0,0.0,11735.173015952774,-0.6817112955322272,-1
2026-04-03 12:30:00+00:00,UNRATE,4.3,4.4,-0.10000000000000053,0.03333333333333336,0.12309149097932783,-1.0832051206181756,-1
2026-04-03 12:30:00+00:00,NFP,158650,158436.0,214.0,10.5,96.14241330632439,2.1166516733007104,-1
2026-04-09 12:30:00+00:00,CLAIMS,218000,203000.0,15000.0,-3375.0,9070.163016336452,2.025873180769124,1
2026-04-10 12:30:00+00:00,PPI,275.979,269.553,6.425999999999988,0.8379166666666672,2.0046575068317662,2.7875501497335224,-1
2026-04-13 12:30:00+00:00,CPI,3.3202055812236786,,0.5906819151577629,2.7295236660659157,0.2524345526133778,2.3399408244339512,-1
2026-04-15 12:30:00+00:00,RETAIL,754013,741278.0,12735.0,2475.25,5205.640963503805,1.9708908224616364,-1
2026-04-16 12:30:00+00:00,CLAIMS,208000,218000.0,-10000.0,-1500.0,11173.94929544623,-0.7606979211427104,-1
2026-04-23 12:30:00+00:00,CLAIMS,215000,208000.0,7000.0,0.0,8518.886580503875,0.8217036268589415,1
2026-04-29 18:00:00+00:00,FOMC,,,,,,,0
2026-04-30 12:30:00+00:00,CLAIMS,190000,215000.0,-25000.0,500.0,8831.760866331268,-2.887306437067601,-1
2026-05-01 12:30:00+00:00,NFP,158829,158650.0,179.0,22.75,112.04554674530816,1.3945221790489668,-1
2026-05-01 12:30:00+00:00,UNRATE,4.3,4.3,0.0,0.008333333333333304,0.11645001528812637,-0.07156146190891052,-1
2026-05-07 12:30:00+00:00,CLAIMS,199000,190000.0,9000.0,-3000.0,12489.995996799214,0.9607689228303368,1
2026-05-12 12:30:00+00:00,PPI,282.7,275.979,6.721000000000004,1.4545000000000006,2.4788253266416267,2.124595042416799,-1
2026-05-13 12:30:00+00:00,CPI,3.9470269087042764,,1.1742847315164986,2.772742177187778,0.30484775234348904,3.8520367051726403,-1
2026-05-14 12:30:00+00:00,CLAIMS,212000,199000.0,13000.0,-1750.0,13199.025938088998,1.1175067061149784,1
2026-05-15 12:30:00+00:00,RETAIL,757036,754013.0,3023.0,2556.1666666666665,5368.161185652984,0.08696335992685879,-1
2026-05-21 12:30:00+00:00,CLAIMS,210000,212000.0,-2000.0,875.0,13850.6059692111,-0.20757214568019033,-1
2026-05-28 12:30:00+00:00,CLAIMS,212000,210000.0,2000.0,-125.0,13715.866724347405,0.15493005602247908,1
2026-06-04 12:30:00+00:00,CLAIMS,225000,212000.0,13000.0,1125.0,13346.347815041403,0.8897565210024584,1
2026-06-05 12:30:00+00:00,NFP,159001,158829.0,172.0,28.666666666666668,118.63721118935821,1.208165059650276,-1
2026-06-05 12:30:00+00:00,UNRATE,4.3,4.3,0.0,0.008333333333333304,0.11645001528812637,-0.07156146190891052,-1
2026-06-10 12:30:00+00:00,PPI,292.504,282.7,9.80400000000003,2.025666666666666,2.842716605110273,2.7362324191410674,-1
2026-06-11 12:30:00+00:00,CLAIMS,230000,225000.0,5000.0,875.0,13065.084330821941,0.31572700914518254,1
2026-06-11 12:30:00+00:00,CPI,4.270032656680245,,1.3668700256675734,2.9031626310126715,0.4311074987913253,3.1706013685676986,-1
2026-06-15 12:30:00+00:00,RETAIL,763705,757036.0,6669.0,2882.8333333333335,5257.044967268069,0.720208156909532,-1
2026-06-17 18:00:00+00:00,FOMC,,,,,,,0
2026-06-18 12:30:00+00:00,CLAIMS,227000,230000.0,-3000.0,2750.0,12337.515378484686,-0.4660581829974768,-1
2026-06-25 12:30:00+00:00,CLAIMS,215000,227000.0,-12000.0,1500.0,12351.980754983753,-1.0929421173647025,-1
2026-07-02 12:30:00+00:00,CLAIMS,,,,,,,0
2026-07-03 12:30:00+00:00,NFP,,,,,,,0
2026-07-03 12:30:00+00:00,UNRATE,,,,,,,0
2026-07-09 12:30:00+00:00,CLAIMS,,,,,,,0
2026-07-10 12:30:00+00:00,PPI,,,,,,,0
2026-07-13 12:30:00+00:00,CPI,,,,,,,0
2026-07-15 12:30:00+00:00,RETAIL,,,,,,,0
2026-07-16 12:30:00+00:00,CLAIMS,,,,,,,0
2026-07-23 12:30:00+00:00,CLAIMS,,,,,,,0
2026-07-29 18:00:00+00:00,FOMC,,,,,,,0
2026-07-30 12:30:00+00:00,CLAIMS,,,,,,,0
2026-08-06 12:30:00+00:00,CLAIMS,,,,,,,0
2026-08-07 12:30:00+00:00,NFP,,,,,,,0
2026-08-07 12:30:00+00:00,UNRATE,,,,,,,0
2026-08-12 12:30:00+00:00,PPI,,,,,,,0
2026-08-13 12:30:00+00:00,CLAIMS,,,,,,,0
2026-08-13 12:30:00+00:00,CPI,,,,,,,0
2026-08-17 12:30:00+00:00,RETAIL,,,,,,,0
2026-08-20 12:30:00+00:00,CLAIMS,,,,,,,0
2026-08-27 12:30:00+00:00,CLAIMS,,,,,,,0
2026-09-03 12:30:00+00:00,CLAIMS,,,,,,,0
2026-09-04 12:30:00+00:00,UNRATE,,,,,,,0
2026-09-04 12:30:00+00:00,NFP,,,,,,,0
2026-09-10 12:30:00+00:00,CLAIMS,,,,,,,0
2026-09-10 12:30:00+00:00,PPI,,,,,,,0
2026-09-11 12:30:00+00:00,CPI,,,,,,,0
2026-09-15 12:30:00+00:00,RETAIL,,,,,,,0
2026-09-16 18:00:00+00:00,FOMC,,,,,,,0
2026-09-17 12:30:00+00:00,CLAIMS,,,,,,,0
2026-09-24 12:30:00+00:00,CLAIMS,,,,,,,0
2026-10-01 12:30:00+00:00,CLAIMS,,,,,,,0
2026-10-02 12:30:00+00:00,NFP,,,,,,,0
2026-10-02 12:30:00+00:00,UNRATE,,,,,,,0
2026-10-08 12:30:00+00:00,CLAIMS,,,,,,,0
2026-10-12 12:30:00+00:00,PPI,,,,,,,0
2026-10-13 12:30:00+00:00,CPI,,,,,,,0
2026-10-15 12:30:00+00:00,CLAIMS,,,,,,,0
2026-10-15 12:30:00+00:00,RETAIL,,,,,,,0
2026-10-22 12:30:00+00:00,CLAIMS,,,,,,,0
2026-10-28 18:00:00+00:00,FOMC,,,,,,,0
2026-10-29 12:30:00+00:00,CLAIMS,,,,,,,0
2026-11-05 13:30:00+00:00,CLAIMS,,,,,,,0
2026-11-06 13:30:00+00:00,NFP,,,,,,,0
2026-11-06 13:30:00+00:00,UNRATE,,,,,,,0
2026-11-11 13:30:00+00:00,PPI,,,,,,,0
2026-11-12 13:30:00+00:00,CLAIMS,,,,,,,0
2026-11-12 13:30:00+00:00,CPI,,,,,,,0
2026-11-16 13:30:00+00:00,RETAIL,,,,,,,0
2026-11-19 13:30:00+00:00,CLAIMS,,,,,,,0
2026-11-26 13:30:00+00:00,CLAIMS,,,,,,,0
2026-12-03 13:30:00+00:00,CLAIMS,,,,,,,0
2026-12-04 13:30:00+00:00,NFP,,,,,,,0
2026-12-04 13:30:00+00:00,UNRATE,,,,,,,0
2026-12-09 19:00:00+00:00,FOMC,,,,,,,0
2026-12-10 13:30:00+00:00,CLAIMS,,,,,,,0
2026-12-10 13:30:00+00:00,PPI,,,,,,,0
2026-12-11 13:30:00+00:00,CPI,,,,,,,0
2026-12-15 13:30:00+00:00,RETAIL,,,,,,,0
2026-12-17 13:30:00+00:00,CLAIMS,,,,,,,0
2026-12-24 13:30:00+00:00,CLAIMS,,,,,,,0
2026-12-31 13:30:00+00:00,CLAIMS,,,,,,,0
