label,n,win_rate,mean_net_pnl,median_net_pnl,total_net_pnl,mean_gross_pnl,std_net_pnl,sharpe_per_trade,max_win,max_loss,profit_factor,bar_label
NFP|hold=1|z>=0.0,28,0.32142857142857145,-707.5684640066964,-698.98779296875,-19811.9169921875,-683.5684640066964,2196.908474798553,-5.112776101841024,5776.0,-4284.009765625,0.42316488217267156,1h
NFP|hold=1|z>=0.5,18,0.3888888888888889,-381.77587890625,-633.99755859375,-6871.9658203125,-357.77587890625,2530.970124820398,-2.394538020603601,5776.0,-4284.009765625,0.6661492541901942,1h
NFP|hold=1|z>=1.0,15,0.4,-117.33170572916667,-574.0,-1759.9755859375,-93.33170572916667,2626.034375834861,-0.709275972437405,5776.0,-4284.009765625,0.8839521790627056,1h
NFP|hold=2|z>=0.0,28,0.39285714285714285,-601.496337890625,-763.990234375,-16841.8974609375,-577.496337890625,2826.4159218410896,-3.3782920176972002,7136.009765625,-5303.98046875,0.5656830678377288,1h
NFP|hold=2|z>=0.5,18,0.3888888888888889,-333.99755859375,-549.0,-6011.9560546875,-309.99755859375,3070.2956714834127,-1.7268847819757491,7136.009765625,-5303.98046875,0.7387690618708438,1h
NFP|hold=2|z>=1.0,15,0.4,-29.997721354166668,-124.0,-449.9658203125,-5.997721354166667,3217.9635510192998,-0.14798149701216562,7136.009765625,-5303.98046875,0.9740143746164319,1h
NFP|hold=3|z>=0.0,28,0.42857142857142855,-649.3557477678571,-493.9951171875,-18181.9609375,-625.3557477678571,2823.144103921288,-3.651320140444455,6265.990234375,-4924.0,0.5405575215772898,1h
NFP|hold=3|z>=0.5,18,0.3888888888888889,-525.6655815972222,-493.9951171875,-9461.98046875,-501.66558159722223,3095.2023474705566,-2.6960054540452516,6265.990234375,-4924.0,0.6335968563594796,1h
NFP|hold=3|z>=1.0,15,0.4666666666666667,-149.99934895833334,-113.990234375,-2249.990234375,-125.99934895833333,3209.134212551245,-0.7419963414677688,6265.990234375,-4924.0,0.8791105858555204,1h
NFP|hold=4|z>=0.0,28,0.35714285714285715,-626.8547014508929,-403.99267578125,-17551.931640625,-602.8547014508929,3072.599722657377,-3.238628779364062,7685.9609375,-5274.0,0.5759574577215629,1h
NFP|hold=4|z>=0.5,18,0.3333333333333333,-412.330078125,-403.99267578125,-7421.94140625,-388.330078125,3330.194157127788,-1.965512147312417,7685.9609375,-4674.0,0.7114093154416811,1h
NFP|hold=4|z>=1.0,15,0.4,-19.99609375,-113.990234375,-299.94140625,4.00390625,3478.8469296851417,-0.0912452182999978,7685.9609375,-4674.0,0.9838705476220585,1h
UNRATE|hold=1|z>=0.0,27,0.6296296296296297,138.5904224537037,476.0,3741.94140625,162.5904224537037,2338.9163552154055,0.9406299402462708,5776.0,-4284.009765625,1.1698568866048709,1h
UNRATE|hold=1|z>=0.5,16,0.6875,371.623779296875,391.00244140625,5945.98046875,395.623779296875,2075.760340539239,2.842016244636596,5776.0,-2713.990234375,1.6842348118172328,1h
UNRATE|hold=1|z>=1.0,9,0.7777777777777778,345.9978298611111,476.0,3113.98046875,369.9978298611111,1616.9745859534921,3.3968037095922576,3105.98046875,-2054.0048828125,1.7847742693184505,1h
UNRATE|hold=2|z>=0.0,27,0.6666666666666666,532.2979239004629,695.9951171875,14372.0439453125,556.2979239004629,2878.589689625663,2.9354539866077634,7136.009765625,-5303.98046875,1.6405818323572898,1h
UNRATE|hold=2|z>=0.5,16,0.6875,575.3743896484375,320.9951171875,9205.990234375,599.3743896484375,2221.5137143403085,4.111514241677496,5605.98046875,-2383.9609375,2.064281734632187,1h
UNRATE|hold=2|z>=1.0,9,0.8888888888888888,960.4428168402778,695.9951171875,8643.9853515625,984.4428168402778,1658.313900143411,9.194011489518287,4005.98046875,-1524.0,6.671906398663058,1h
UNRATE|hold=3|z>=0.0,27,0.5555555555555556,430.07353153935185,506.0048828125,11611.9853515625,454.07353153935185,2908.55996470997,2.3472803526082,6265.990234375,-4924.0,1.4798740549205556,1h
UNRATE|hold=3|z>=0.5,16,0.5,459.74786376953125,5.99267578125,7355.9658203125,483.74786376953125,2423.4688017249346,3.0114978475355887,5676.0,-3283.9609375,1.7361855304556144,1h
UNRATE|hold=3|z>=1.0,9,0.6666666666666666,1019.3295355902778,535.9853515625,9173.9658203125,1043.3295355902778,1786.0993656878163,9.059604992882175,4465.990234375,-734.009765625,7.23231373662534,1h
UNRATE|hold=4|z>=0.0,27,0.6296296296296297,530.0717230902778,226.0,14311.9365234375,554.0717230902778,3138.9753670514474,2.6806925043984586,7685.9609375,-4674.0,1.5750080579236707,1h
UNRATE|hold=4|z>=0.5,16,0.625,542.24755859375,120.9951171875,8675.9609375,566.24755859375,2906.241726087599,2.9618710161504533,7685.9609375,-3483.9609375,1.7601160547576813,1h
UNRATE|hold=4|z>=1.0,9,0.7777777777777778,1078.218967013889,576.0,9703.970703125,1102.218967013889,2032.80122027557,8.420004525198943,5226.0,-1194.01953125,6.615707918215382,1h
CPI|hold=1|z>=0.0,18,0.5,-270.1107042100682,-18.9951171875,-4861.992675781227,-246.11070421006818,1436.8468632997074,-2.984225117025441,2495.9951171875,-3703.98046875,0.5919782061894554,1h
CPI|hold=1|z>=0.5,18,0.5,-270.1107042100682,-18.9951171875,-4861.992675781227,-246.11070421006818,1436.8468632997074,-2.984225117025441,2495.9951171875,-3703.98046875,0.5919782061894554,1h
CPI|hold=1|z>=1.0,15,0.5333333333333333,-105.3330078125,106.0048828125,-1579.9951171875,-81.3330078125,1414.130947705507,-1.1824291546853334,2495.9951171875,-3703.98046875,0.8051316893597397,1h
CPI|hold=2|z>=0.0,18,0.4444444444444444,-461.21720377604044,-284.009765625,-8301.909667968728,-437.2172037760404,1909.2610495791707,-3.8347800218675223,2476.0,-5613.990234375,0.5110758334772355,1h
CPI|hold=2|z>=0.5,18,0.4444444444444444,-461.21720377604044,-284.009765625,-8301.909667968728,-437.2172037760404,1909.2610495791707,-3.8347800218675223,2476.0,-5613.990234375,0.5110758334772355,1h
CPI|hold=2|z>=1.0,15,0.4666666666666667,-411.9947916666667,-274.0,-6179.921875,-387.9947916666667,2033.8267540552854,-3.2157186191904206,2476.0,-5613.990234375,0.5605215844262756,1h
CPI|hold=3|z>=0.0,18,0.4444444444444444,-575.1094835069445,-624.0,-10351.970703125,-551.1094835069445,2015.8146629427126,-4.5289778806537635,2226.0,-6074.0,0.45573248971772884,1h
CPI|hold=3|z>=0.5,18,0.4444444444444444,-575.1094835069445,-624.0,-10351.970703125,-551.1094835069445,2015.8146629427126,-4.5289778806537635,2226.0,-6074.0,0.45573248971772884,1h
CPI|hold=3|z>=1.0,15,0.4666666666666667,-579.33203125,-484.009765625,-8689.98046875,-555.33203125,2161.1862559532547,-4.255353217241318,2226.0,-6074.0,0.468892368778329,1h
CPI|hold=4|z>=0.0,18,0.3888888888888889,-816.2214084201377,-448.98779296875,-14691.985351562478,-792.2214084201377,2407.2448972882676,-5.382548814736476,2545.9951171875,-7074.0,0.35854035907191767,1h
CPI|hold=4|z>=0.5,18,0.3888888888888889,-816.2214084201377,-448.98779296875,-14691.985351562478,-792.2214084201377,2407.2448972882676,-5.382548814736476,2545.9951171875,-7074.0,0.35854035907191767,1h
CPI|hold=4|z>=1.0,15,0.4,-850.6650390625,-303.98046875,-12759.9755859375,-826.6650390625,2587.172647781478,-5.2195545843599644,2545.9951171875,-7074.0,0.3586656558102679,1h
PPI|hold=1|z>=0.0,29,0.6551724137931034,350.48141163793105,376.0,10163.9609375,374.48141163793105,1775.074269439325,3.134358951541957,5455.98046875,-4533.9853515625,1.8303906217899133,1h
PPI|hold=1|z>=0.5,19,0.6842105263157895,680.2094983552631,376.0,12923.98046875,704.2094983552631,1800.9464704161505,5.995731250100412,5455.98046875,-1633.9609375,3.1670093821852774,1h
PPI|hold=1|z>=1.0,9,0.6666666666666666,983.7826605902778,376.0,8854.0439453125,1007.7826605902778,2309.2841102673506,6.762730282913528,5455.98046875,-1633.9609375,3.633610427847563,1h
PPI|hold=2|z>=0.0,29,0.5862068965517241,335.31143925107835,106.029296875,9724.031738281272,359.31143925107835,2007.109626522893,2.6520245878658586,6965.990234375,-4374.0,1.752748853157781,1h
PPI|hold=2|z>=0.5,19,0.5789473684210527,670.7387695312511,106.029296875,12744.036621093772,694.7387695312511,2149.1326886626957,4.954392964838518,6965.990234375,-2024.0,2.945057635285455,1h
PPI|hold=2|z>=1.0,9,0.6666666666666666,1242.672092013889,676.0,11184.048828125,1266.672092013889,2756.7153743347567,7.1559102849982,6965.990234375,-2024.0,4.366661296846779,1h
PPI|hold=3|z>=0.0,29,0.4827586206896552,100.4843581627163,-4.0048828125,2914.0463867187727,124.4843581627163,2201.776692779181,0.724478435680726,7245.970703125,-4774.0,1.1541013110690839,1h
PPI|hold=3|z>=0.5,19,0.5263157894736842,440.210911800988,5.98046875,8364.007324218772,464.210911800988,2406.425263764693,2.903947065167504,7245.970703125,-2853.98046875,1.7437354692075862,1h
PPI|hold=3|z>=1.0,9,0.5555555555555556,878.2216796875,376.0,7903.9951171875,902.2216796875,3140.086597059817,4.439793786478726,7245.970703125,-2853.98046875,2.220514013751891,1h
PPI|hold=4|z>=0.0,29,0.5172413793103449,359.4481074892241,65.990234375,10423.9951171875,383.4481074892241,2238.7171870010616,2.548808685182573,8015.990234375,-4124.0,1.65370655292657,1h
PPI|hold=4|z>=0.5,19,0.42105263157894735,617.051603618421,-143.9951171875,11723.98046875,641.051603618421,2521.197358655108,3.885213706884441,8015.990234375,-2344.01953125,2.1400219793138437,1h
PPI|hold=4|z>=1.0,9,0.5555555555555556,1413.7821180555557,1065.990234375,12724.0390625,1437.7821180555557,3092.709436121451,7.256774623670021,8015.990234375,-1943.970703125,4.106491881512183,1h
RETAIL|hold=1|z>=0.0,27,0.48148148148148145,177.48654513888889,-63.990234375,4792.13671875,201.48654513888889,1241.553096140946,2.269344392714868,2836.009765625,-1943.9951171875,1.438200266573463,1h
RETAIL|hold=1|z>=0.5,19,0.3684210526315789,44.42362253289474,-283.9853515625,844.048828125,68.42362253289474,1142.1057918808647,0.6174586893483065,2436.009765625,-1943.9951171875,1.1075497456117134,1h
RETAIL|hold=1|z>=1.0,8,0.125,-727.7506103515625,-574.0,-5822.0048828125,-703.7506103515625,679.6798709306554,-16.997241323294805,176.0,-1943.9951171875,0.02934309048402651,1h
RETAIL|hold=2|z>=0.0,27,0.7037037037037037,494.89015480324076,486.009765625,13362.0341796875,518.8901548032408,1557.2224664248088,5.0449680921047335,3726.0,-3303.98046875,2.412175713182266,1h
RETAIL|hold=2|z>=0.5,19,0.6842105263157895,462.31527549342104,426.0,8783.990234375,486.31527549342104,1405.0461599494806,5.223335493714539,3326.0,-1784.009765625,2.432007547535079,1h
RETAIL|hold=2|z>=1.0,8,0.625,-60.2518310546875,151.0,-482.0146484375,-36.2518310546875,1382.9910958833054,-0.6915938713481026,2086.009765625,-1784.009765625,0.8959383350150468,1h
RETAIL|hold=3|z>=0.0,27,0.8148148148148148,593.7806712962963,426.0,16032.078125,617.7806712962963,1499.6860527093656,6.285299460092169,3335.9853515625,-3074.0,3.0713292298336246,1h
RETAIL|hold=3|z>=0.5,19,0.7894736842105263,550.7391550164474,276.0,10464.0439453125,574.7391550164474,1334.1320245457093,6.553109353336481,3335.9853515625,-1713.990234375,3.2426178516062962,1h
RETAIL|hold=3|z>=1.0,8,0.625,-153.9957275390625,121.00732421875,-1231.9658203125,-129.9957275390625,1317.0642683261349,-1.8561025813233747,2086.009765625,-1713.990234375,0.7340307175416859,1h
RETAIL|hold=4|z>=0.0,27,0.5925925925925926,443.040111400463,496.01953125,11962.0830078125,467.040111400463,1679.971683032358,4.18640611897528,3195.9951171875,-3393.9951171875,1.9597344247308213,1h
RETAIL|hold=4|z>=0.5,19,0.5789473684210527,530.212068256579,245.9951171875,10074.029296875,554.212068256579,1548.1723029310358,5.436640115869329,3195.9951171875,-2324.0,2.474543281074876,1h
RETAIL|hold=4|z>=1.0,8,0.375,-231.4981689453125,-439.00244140625,-1851.9853515625,-207.4981689453125,1651.1117452020046,-2.2257242822332834,2256.0048828125,-2324.0,0.7055664881993431,1h
CLAIMS|hold=1|z>=0.0,119,0.453781512605042,-555.597849100578,-253.98046875,-66116.14404296878,-531.597849100578,3605.6701756129937,-2.446103497138553,5026.0,-32804.029296875,0.5274720100358643,1h
CLAIMS|hold=1|z>=0.5,74,0.47297297297297297,-335.75850533150367,-224.01220703125,-24846.129394531272,-311.75850533150367,2110.94627799966,-2.5249344758987453,5026.0,-7984.009765625,0.6430461291056792,1h
CLAIMS|hold=1|z>=1.0,38,0.5,-48.21361019736842,-28.99267578125,-1832.1171875,-24.21361019736842,1639.2855330156533,-0.46689080024825624,5026.0,-2674.0,0.9238712463457579,1h
CLAIMS|hold=2|z>=0.0,119,0.46218487394957986,-494.3394785648636,-174.0,-58826.39794921877,-470.3394785648636,3359.1994747193585,-2.33609108366494,5705.98046875,-24844.01953125,0.5985540062577429,1h
CLAIMS|hold=2|z>=0.5,74,0.4594594594594595,-185.35534338049015,-218.9951171875,-13716.295410156272,-161.35534338049015,2279.000595019356,-1.291103154163751,5705.98046875,-5944.01953125,0.8018166973067614,1h
CLAIMS|hold=2|z>=1.0,38,0.5,295.9938322368421,50.98779296875,11247.765625,319.9938322368421,2136.412276242937,2.19936782356873,5705.98046875,-2644.01953125,1.5026683374398555,1h
CLAIMS|hold=3|z>=0.0,119,0.42016806722689076,-498.4559151785717,-303.98046875,-59316.25390625003,-474.4559151785716,3218.7773165723697,-2.458306856398443,8405.98046875,-17664.0390625,0.6066983420142776,1h
CLAIMS|hold=3|z>=0.5,74,0.43243243243243246,-220.08451224662193,-249.0,-16286.253906250022,-196.08451224662193,2565.7364801140216,-1.3616882902852923,8405.98046875,-9064.0146484375,0.7806510806763586,1h
CLAIMS|hold=3|z>=1.0,38,0.47368421052631576,453.62900904605266,-104.0048828125,17237.90234375,477.62900904605266,2345.733933171548,3.0698866442993626,8405.98046875,-2764.0390625,1.8081510962610057,1h
CLAIMS|hold=4|z>=0.0,119,0.42016806722689076,-609.8828248096116,-324.0,-72576.05615234378,-585.8828248096116,3493.9852906926,-2.7709302972181917,9496.01953125,-17324.0,0.578355052629138,1h
CLAIMS|hold=4|z>=0.5,74,0.40540540540540543,-420.21796479096315,-293.9951171875,-31096.129394531272,-396.21796479096315,2780.108488223596,-2.3994579405546563,9496.01953125,-10964.0146484375,0.6447215100893934,1h
CLAIMS|hold=4|z>=1.0,38,0.4473684210526316,347.8403063322368,-293.9951171875,13217.931640625,371.8403063322368,2437.956301603926,2.264927257098485,9496.01953125,-2824.0,1.5403005711788882,1h
FOMC+NFP+CPI+PPI+RETAIL+UNRATE+CLAIMS|hold=1|z>=0.0,248,0.4879032258064516,-290.693607453377,-68.9951171875,-72092.0146484375,-266.693607453377,2849.8795292376317,-1.6192326415501703,5776.0,-32804.029296875,0.6884364810319821,1h
FOMC+NFP+CPI+PPI|hold=1|z>=0.0,75,0.49333333333333335,-193.46598307291637,-63.990234375,-14509.948730468728,-169.46598307291637,1909.1582999797738,-1.608655117913453,5776.0,-4533.9853515625,0.751974660670254,1h
NFP+CPI+PPI+RETAIL|hold=1|z>=0.0,102,0.49019607843137253,-95.27266678155615,-63.990234375,-9717.812011718728,-71.27266678155615,1759.08168672611,-0.8597705892159714,5776.0,-4533.9853515625,0.8600501802003241,1h
CLAIMS|hold=1|z>=0.0,119,0.453781512605042,-555.597849100578,-253.98046875,-66116.14404296878,-531.597849100578,3605.6701756129937,-2.446103497138553,5026.0,-32804.029296875,0.5274720100358643,1h
FOMC+NFP+CPI+PPI+RETAIL+UNRATE+CLAIMS|hold=1|z>=0.5,164,0.5,-102.84193978658537,-28.99267578125,-16866.078125,-78.84193978658537,1977.427468348974,-0.8256005382082569,5776.0,-7984.009765625,0.8646467777577849,1h
FOMC+NFP+CPI+PPI|hold=1|z>=0.5,55,0.5272727272727272,21.63676313920494,76.0,1190.0219726562718,45.63676313920496,1995.7324752708562,0.17210371175117423,5776.0,-4284.009765625,1.0309386481680722,1h
NFP+CPI+PPI+RETAIL|hold=1|z>=0.5,74,0.4864864864864865,27.487443253800972,-63.990234375,2034.0708007812718,51.48744325380097,1807.7679878091956,0.2413747987030956,5776.0,-4284.009765625,1.0439211123209104,1h
CLAIMS|hold=1|z>=0.5,74,0.47297297297297297,-335.75850533150367,-224.01220703125,-24846.129394531272,-311.75850533150367,2110.94627799966,-2.5249344758987453,5026.0,-7984.009765625,0.6430461291056792,1h
FOMC+NFP+CPI+PPI+RETAIL+UNRATE+CLAIMS|hold=1|z>=1.0,94,0.5,10.360974900265957,-28.99267578125,973.931640625,34.36097490026596,1811.7270486061925,0.09078375116397963,5776.0,-4284.009765625,1.016053480933254,1h
FOMC+NFP+CPI+PPI|hold=1|z>=1.0,39,0.5128205128205128,141.38649338942307,6.0048828125,5514.0732421875,165.38649338942307,2149.0979205794197,1.0443642330202534,5776.0,-4284.009765625,1.207016535809549,1h
NFP+CPI+PPI+RETAIL|hold=1|z>=1.0,47,0.44680851063829785,-6.551737034574468,-143.9951171875,-307.931640625,17.44826296542553,1998.673200300204,-0.0520373220985968,5776.0,-4284.009765625,0.990564059877561,1h
CLAIMS|hold=1|z>=1.0,38,0.5,-48.21361019736842,-28.99267578125,-1832.1171875,-24.21361019736842,1639.2855330156533,-0.46689080024825624,5026.0,-2674.0,0.9238712463457579,1h
FOMC+NFP+CPI+PPI+RETAIL+UNRATE+CLAIMS|hold=2|z>=0.0,248,0.5161290322580645,-187.54877102759568,40.990234375,-46512.09521484373,-163.54877102759568,2882.538481689755,-1.0328550546404542,7136.009765625,-24844.01953125,0.8117758155794148,1h
FOMC+NFP+CPI+PPI|hold=2|z>=0.0,75,0.48,-205.59700520833275,-54.0048828125,-15419.775390624956,-181.59700520833275,2338.0229173028742,-1.3959449466177338,7136.009765625,-5613.990234375,0.7754702916467414,1h
NFP+CPI+PPI+RETAIL|hold=2|z>=0.0,102,0.5392156862745098,-20.173933440563296,76.0,-2057.7412109374563,3.8260665594367116,2173.877220395518,-0.14731800954238522,7136.009765625,-5613.990234375,0.9736652608592092,1h
CLAIMS|hold=2|z>=0.0,119,0.46218487394957986,-494.3394785648636,-174.0,-58826.39794921877,-470.3394785648636,3359.1994747193585,-2.33609108366494,5705.98046875,-24844.01953125,0.5985540062577429,1h
FOMC+NFP+CPI+PPI+RETAIL+UNRATE+CLAIMS|hold=2|z>=0.5,164,0.5121951219512195,16.486926567263854,25.98779296875,2703.855957031272,40.48692656726385,2243.346739274106,0.11666580154669753,7136.009765625,-5944.01953125,1.0207128450586525,1h
FOMC+NFP+CPI+PPI|hold=2|z>=0.5,55,0.4727272727272727,-28.542347301135536,-54.0048828125,-1569.8291015624545,-4.542347301135536,2433.188139515561,-0.18621483041062786,7136.009765625,-5613.990234375,0.9662735362122967,1h
NFP+CPI+PPI+RETAIL|hold=2|z>=0.5,74,0.527027027027027,97.48866395692626,55.99267578125,7214.161132812544,121.48866395692626,2216.4982550040363,0.6982114961624545,7136.009765625,-5613.990234375,1.136943194479081,1h
CLAIMS|hold=2|z>=0.5,74,0.4594594594594595,-185.35534338049015,-218.9951171875,-13716.295410156272,-161.35534338049015,2279.000595019356,-1.291103154163751,5705.98046875,-5944.01953125,0.8018166973067614,1h
FOMC+NFP+CPI+PPI+RETAIL+UNRATE+CLAIMS|hold=2|z>=1.0,94,0.5425531914893617,254.93507937167553,91.0146484375,23963.8974609375,278.93507937167556,2295.2856022378332,1.7631657336926287,7136.009765625,-5613.990234375,1.3789835559275252,1h
FOMC+NFP+CPI+PPI|hold=2|z>=1.0,39,0.48717948717948717,116.7733623798077,-54.0048828125,4554.1611328125,140.77336237980768,2712.5735546582214,0.6833804217030146,7136.009765625,-5613.990234375,1.1312442245092864,1h
NFP+CPI+PPI+RETAIL|hold=2|z>=1.0,47,0.5106382978723404,86.64141456117021,35.9853515625,4072.146484375,110.64141456117021,2524.672953590424,0.5447794000606105,7136.009765625,-5613.990234375,1.1035329016952655,1h
CLAIMS|hold=2|z>=1.0,38,0.5,295.9938322368421,50.98779296875,11247.765625,319.9938322368421,2136.412276242937,2.19936782356873,5705.98046875,-2644.01953125,1.5026683374398555,1h
FOMC+NFP+CPI+PPI+RETAIL+UNRATE+CLAIMS|hold=3|z>=0.0,248,0.4879032258064516,-231.01643420803933,-44.00122070311363,-57292.07568359375,-207.01643420803933,2824.0440608196577,-1.2985888757825976,8405.98046875,-17664.0390625,0.7798643649846736,1h
FOMC+NFP+CPI+PPI|hold=3|z>=0.0,75,0.4533333333333333,-341.59847005208303,-143.9951171875,-25619.885253906228,-317.59847005208303,2408.637768721796,-2.2513587017550747,7245.970703125,-6074.0,0.6694375114279614,1h
NFP+CPI+PPI+RETAIL|hold=3|z>=0.0,102,0.5490196078431373,-93.9981091069238,41.00244140625,-9587.807128906228,-69.9981091069238,2236.420379101076,-0.6672152232145159,7245.970703125,-6074.0,0.8875250124560721,1h
CLAIMS|hold=3|z>=0.0,119,0.42016806722689076,-498.4559151785717,-303.98046875,-59316.25390625003,-474.4559151785716,3218.7773165723697,-2.458306856398443,8405.98046875,-17664.0390625,0.6066983420142776,1h
FOMC+NFP+CPI+PPI+RETAIL+UNRATE+CLAIMS|hold=3|z>=0.5,164,0.4878048780487805,-60.46456090415396,-53.99877929686363,-9916.18798828125,-36.46456090415396,2431.4084768083453,-0.3947691870230821,8405.98046875,-9064.0146484375,0.931610641119799,1h
FOMC+NFP+CPI+PPI|hold=3|z>=0.5,55,0.45454545454545453,-208.18079723011323,-324.0,-11449.943847656228,-184.18079723011323,2540.0709974955885,-1.3010532802109214,7245.970703125,-6074.0,0.7958644626914964,1h
NFP+CPI+PPI+RETAIL|hold=3|z>=0.5,74,0.5405405405405406,-13.322971653293624,41.00244140625,-985.8999023437282,10.677028346706376,2307.158921224033,-0.09166928917131625,7245.970703125,-6074.0,0.9837727722790065,1h
CLAIMS|hold=3|z>=0.5,74,0.43243243243243246,-220.08451224662193,-249.0,-16286.253906250022,-196.08451224662193,2565.7364801140216,-1.3616882902852923,8405.98046875,-9064.0146484375,0.7806510806763586,1h
FOMC+NFP+CPI+PPI+RETAIL+UNRATE+CLAIMS|hold=3|z>=1.0,94,0.5106382978723404,235.57368891289894,55.99267578125,22143.9267578125,259.57368891289894,2441.054477333851,1.5319676035441046,8405.98046875,-6074.0,1.3214671169616372,1h
FOMC+NFP+CPI+PPI|hold=3|z>=1.0,39,0.48717948717948717,-77.84552784455128,-113.990234375,-3035.9755859375,-53.845527844551285,2812.228525042401,-0.43942355079866346,7245.970703125,-6074.0,0.9267555776077684,1h
NFP+CPI+PPI+RETAIL|hold=3|z>=1.0,47,0.5106382978723404,-90.80726396276596,45.9951171875,-4267.94140625,-66.80726396276596,2607.301683023333,-0.5528783398898907,7245.970703125,-6074.0,0.9073835771322009,1h
CLAIMS|hold=3|z>=1.0,38,0.47368421052631576,453.62900904605266,-104.0048828125,17237.90234375,477.62900904605266,2345.733933171548,3.0698866442993626,8405.98046875,-2764.0390625,1.8081510962610057,1h
FOMC+NFP+CPI+PPI+RETAIL+UNRATE+CLAIMS|hold=4|z>=0.0,248,0.4637096774193548,-274.68531651650704,-133.99755859375,-68121.95849609375,-250.68531651650704,3070.7078757010872,-1.4200289947238565,9496.01953125,-17324.0,0.764871141053807,1h
FOMC+NFP+CPI+PPI|hold=4|z>=0.0,75,0.4266666666666667,-290.9322916666664,-213.990234375,-21819.921874999978,-266.9322916666664,2635.8768471016406,-1.7521330549744625,8015.990234375,-7074.0,0.7280731734795088,1h
NFP+CPI+PPI+RETAIL|hold=4|z>=0.0,102,0.47058823529411764,-96.64547909007331,-103.99267578125,-9857.838867187478,-72.64547909007331,2433.7065259147553,-0.6303962296725582,8015.990234375,-7074.0,0.8936653938128963,1h
CLAIMS|hold=4|z>=0.0,119,0.42016806722689076,-609.8828248096116,-324.0,-72576.05615234378,-585.8828248096116,3493.9852906926,-2.7709302972181917,9496.01953125,-17324.0,0.578355052629138,1h
FOMC+NFP+CPI+PPI+RETAIL+UNRATE+CLAIMS|hold=4|z>=0.5,164,0.43902439024390244,-138.63466737328505,-159.009765625,-22736.08544921875,-114.63466737328505,2688.0360577444303,-0.8187230641607989,9496.01953125,-10964.0146484375,0.8619360229892911,1h
FOMC+NFP+CPI+PPI|hold=4|z>=0.5,55,0.38181818181818183,-188.9081143465905,-213.990234375,-10389.946289062478,-164.9081143465905,2794.786706435611,-1.0730061583282684,8015.990234375,-7074.0,0.8236178056127654,1h
NFP+CPI+PPI+RETAIL|hold=4|z>=0.5,74,0.43243243243243246,-4.26914854307403,-128.99267578125,-315.9169921874782,19.730851456925972,2543.4062228881317,-0.026645618588150483,8015.990234375,-7074.0,0.9951942896040268,1h
CLAIMS|hold=4|z>=0.5,74,0.40540540540540543,-420.21796479096315,-293.9951171875,-31096.129394531272,-396.21796479096315,2780.108488223596,-2.3994579405546563,9496.01953125,-10964.0146484375,0.6447215100893934,1h
FOMC+NFP+CPI+PPI+RETAIL+UNRATE+CLAIMS|hold=4|z>=1.0,94,0.46808510638297873,220.57488364361703,-128.99267578125,20734.0390625,244.57488364361703,2646.7303201782724,1.3229597661813421,9496.01953125,-7074.0,1.2761966280752204,1h
FOMC+NFP+CPI+PPI|hold=4|z>=1.0,39,0.4358974358974359,-8.612254607371796,-113.990234375,-335.8779296875,15.387745392628204,3114.0899576348174,-0.043902168971346155,8015.990234375,-7074.0,0.9921132855958789,1h
NFP+CPI+PPI+RETAIL|hold=4|z>=1.0,47,0.425531914893617,-46.550282579787236,-143.9951171875,-2187.86328125,-22.550282579787233,2903.970693338109,-0.2544663514306886,8015.990234375,-7074.0,0.9552381070165863,1h
CLAIMS|hold=4|z>=1.0,38,0.4473684210526316,347.8403063322368,-293.9951171875,13217.931640625,371.8403063322368,2437.956301603926,2.264927257098485,9496.01953125,-2824.0,1.5403005711788882,1h
NFP|hold=1|z>=0.0,2,1.0,620.9951171875,620.9951171875,1241.990234375,644.9951171875,91.94459757323125,107.2166514724219,686.009765625,555.98046875,inf,5m
NFP|hold=1|z>=0.5,2,1.0,620.9951171875,620.9951171875,1241.990234375,644.9951171875,91.94459757323125,107.2166514724219,686.009765625,555.98046875,inf,5m
NFP|hold=1|z>=1.0,2,1.0,620.9951171875,620.9951171875,1241.990234375,644.9951171875,91.94459757323125,107.2166514724219,686.009765625,555.98046875,inf,5m
NFP|hold=2|z>=0.0,2,1.0,881.0048828125,881.0048828125,1762.009765625,905.0048828125,502.0527199821088,27.856673982428095,1236.009765625,526.0,inf,5m
NFP|hold=2|z>=0.5,2,1.0,881.0048828125,881.0048828125,1762.009765625,905.0048828125,502.0527199821088,27.856673982428095,1236.009765625,526.0,inf,5m
NFP|hold=2|z>=1.0,2,1.0,881.0048828125,881.0048828125,1762.009765625,905.0048828125,502.0527199821088,27.856673982428095,1236.009765625,526.0,inf,5m
NFP|hold=3|z>=0.0,2,1.0,2031.0048828125,2031.0048828125,4062.009765625,2055.0048828125,2213.264941132874,14.567258708926044,3596.01953125,465.990234375,inf,5m
NFP|hold=3|z>=0.5,2,1.0,2031.0048828125,2031.0048828125,4062.009765625,2055.0048828125,2213.264941132874,14.567258708926044,3596.01953125,465.990234375,inf,5m
NFP|hold=3|z>=1.0,2,1.0,2031.0048828125,2031.0048828125,4062.009765625,2055.0048828125,2213.264941132874,14.567258708926044,3596.01953125,465.990234375,inf,5m
NFP|hold=4|z>=0.0,2,1.0,2670.9951171875,2670.9951171875,5341.990234375,2694.9951171875,2849.661044200767,14.879219788319652,4686.009765625,655.98046875,inf,5m
NFP|hold=4|z>=0.5,2,1.0,2670.9951171875,2670.9951171875,5341.990234375,2694.9951171875,2849.661044200767,14.879219788319652,4686.009765625,655.98046875,inf,5m
NFP|hold=4|z>=1.0,2,1.0,2670.9951171875,2670.9951171875,5341.990234375,2694.9951171875,2849.661044200767,14.879219788319652,4686.009765625,655.98046875,inf,5m
UNRATE|hold=1|z>=0.0,2,1.0,620.9951171875,620.9951171875,1241.990234375,644.9951171875,91.94459757323125,107.2166514724219,686.009765625,555.98046875,inf,5m
UNRATE|hold=2|z>=0.0,2,1.0,881.0048828125,881.0048828125,1762.009765625,905.0048828125,502.0527199821088,27.856673982428095,1236.009765625,526.0,inf,5m
UNRATE|hold=3|z>=0.0,2,1.0,2031.0048828125,2031.0048828125,4062.009765625,2055.0048828125,2213.264941132874,14.567258708926044,3596.01953125,465.990234375,inf,5m
UNRATE|hold=4|z>=0.0,2,1.0,2670.9951171875,2670.9951171875,5341.990234375,2694.9951171875,2849.661044200767,14.879219788319652,4686.009765625,655.98046875,inf,5m
CPI|hold=1|z>=0.0,3,0.0,-477.3365885416667,-234.009765625,-1432.009765625,-453.3365885416667,556.4358889976962,-13.617891260336473,-84.009765625,-1113.990234375,0.0,5m
CPI|hold=1|z>=0.5,3,0.0,-477.3365885416667,-234.009765625,-1432.009765625,-453.3365885416667,556.4358889976962,-13.617891260336473,-84.009765625,-1113.990234375,0.0,5m
CPI|hold=1|z>=1.0,3,0.0,-477.3365885416667,-234.009765625,-1432.009765625,-453.3365885416667,556.4358889976962,-13.617891260336473,-84.009765625,-1113.990234375,0.0,5m
CPI|hold=2|z>=0.0,3,0.3333333333333333,-757.3333333333334,-813.990234375,-2272.0,-733.3333333333334,876.3502606340717,-13.71859460483178,145.970703125,-1603.98046875,0.060369095016886094,5m
CPI|hold=2|z>=0.5,3,0.3333333333333333,-757.3333333333334,-813.990234375,-2272.0,-733.3333333333334,876.3502606340717,-13.71859460483178,145.970703125,-1603.98046875,0.060369095016886094,5m
CPI|hold=2|z>=1.0,3,0.3333333333333333,-757.3333333333334,-813.990234375,-2272.0,-733.3333333333334,876.3502606340717,-13.71859460483178,145.970703125,-1603.98046875,0.060369095016886094,5m
CPI|hold=3|z>=0.0,3,0.3333333333333333,-947.3235677083334,-1043.970703125,-2841.970703125,-923.3235677083334,958.6413287993353,-15.687092738256123,55.98046875,-1853.98046875,0.019317257410441508,5m
CPI|hold=3|z>=0.5,3,0.3333333333333333,-947.3235677083334,-1043.970703125,-2841.970703125,-923.3235677083334,958.6413287993353,-15.687092738256123,55.98046875,-1853.98046875,0.019317257410441508,5m
CPI|hold=3|z>=1.0,3,0.3333333333333333,-947.3235677083334,-1043.970703125,-2841.970703125,-923.3235677083334,958.6413287993353,-15.687092738256123,55.98046875,-1853.98046875,0.019317257410441508,5m
CPI|hold=4|z>=0.0,3,0.0,-1060.669921875,-1003.98046875,-3182.009765625,-1036.669921875,926.2775529786578,-18.177718939965832,-164.0390625,-2013.990234375,0.0,5m
CPI|hold=4|z>=0.5,3,0.0,-1060.669921875,-1003.98046875,-3182.009765625,-1036.669921875,926.2775529786578,-18.177718939965832,-164.0390625,-2013.990234375,0.0,5m
CPI|hold=4|z>=1.0,3,0.0,-1060.669921875,-1003.98046875,-3182.009765625,-1036.669921875,926.2775529786578,-18.177718939965832,-164.0390625,-2013.990234375,0.0,5m
PPI|hold=1|z>=0.0,3,0.6666666666666666,29.336588541666668,265.990234375,88.009765625,53.336588541666664,986.5139955944741,0.47207024700853706,876.0,-1053.98046875,1.0835022737464746,5m
PPI|hold=1|z>=0.5,3,0.6666666666666666,29.336588541666668,265.990234375,88.009765625,53.336588541666664,986.5139955944741,0.47207024700853706,876.0,-1053.98046875,1.0835022737464746,5m
PPI|hold=1|z>=1.0,3,0.6666666666666666,29.336588541666668,265.990234375,88.009765625,53.336588541666664,986.5139955944741,0.47207024700853706,876.0,-1053.98046875,1.0835022737464746,5m
PPI|hold=2|z>=0.0,3,0.6666666666666666,139.330078125,555.98046875,417.990234375,163.330078125,1479.6557438150692,1.4948047412142773,1365.990234375,-1503.98046875,1.2779226479732169,5m
PPI|hold=2|z>=0.5,3,0.6666666666666666,139.330078125,555.98046875,417.990234375,163.330078125,1479.6557438150692,1.4948047412142773,1365.990234375,-1503.98046875,1.2779226479732169,5m
PPI|hold=2|z>=1.0,3,0.6666666666666666,139.330078125,555.98046875,417.990234375,163.330078125,1479.6557438150692,1.4948047412142773,1365.990234375,-1503.98046875,1.2779226479732169,5m
PPI|hold=3|z>=0.0,3,0.6666666666666666,339.330078125,1155.98046875,1017.990234375,363.330078125,1808.9498550788658,2.9778039337980244,1595.970703125,-1733.9609375,1.587089485327578,5m
PPI|hold=3|z>=0.5,3,0.6666666666666666,339.330078125,1155.98046875,1017.990234375,363.330078125,1808.9498550788658,2.9778039337980244,1595.970703125,-1733.9609375,1.587089485327578,5m
PPI|hold=3|z>=1.0,3,0.6666666666666666,339.330078125,1155.98046875,1017.990234375,363.330078125,1808.9498550788658,2.9778039337980244,1595.970703125,-1733.9609375,1.587089485327578,5m
PPI|hold=4|z>=0.0,3,0.6666666666666666,409.3333333333333,905.98046875,1228.0,433.3333333333333,1555.6128008088137,4.177109635891483,1655.98046875,-1333.9609375,1.9205666863839481,5m
PPI|hold=4|z>=0.5,3,0.6666666666666666,409.3333333333333,905.98046875,1228.0,433.3333333333333,1555.6128008088137,4.177109635891483,1655.98046875,-1333.9609375,1.9205666863839481,5m
PPI|hold=4|z>=1.0,3,0.6666666666666666,409.3333333333333,905.98046875,1228.0,433.3333333333333,1555.6128008088137,4.177109635891483,1655.98046875,-1333.9609375,1.9205666863839481,5m
RETAIL|hold=1|z>=0.0,3,0.6666666666666666,39.330078125,136.009765625,117.990234375,63.330078125,335.6117123720852,1.860321352220125,315.990234375,-334.009765625,1.353253846198827,5m
RETAIL|hold=1|z>=0.5,2,0.5,-99.0,-99.0,-198.0,-75.0,332.3539978369974,-4.728621557136028,136.009765625,-334.009765625,0.40720296117838994,5m
RETAIL|hold=1|z>=1.0,1,1.0,136.009765625,136.009765625,136.009765625,160.009765625,,,136.009765625,136.009765625,inf,5m
RETAIL|hold=2|z>=0.0,3,0.3333333333333333,-83.99348958333333,-54.029296875,-251.98046875,-59.993489583333336,316.0816640738566,-4.218388671873131,216.0390625,-413.990234375,0.4616026641516363,5m
RETAIL|hold=2|z>=0.5,2,0.5,-98.9755859375,-98.9755859375,-197.951171875,-74.9755859375,445.497988166505,-3.526814394856319,216.0390625,-413.990234375,0.521845793841378,5m
RETAIL|hold=2|z>=1.0,1,1.0,216.0390625,216.0390625,216.0390625,240.0390625,,,216.0390625,216.0390625,inf,5m
RETAIL|hold=3|z>=0.0,3,0.3333333333333333,-260.669921875,-254.029296875,-782.009765625,-236.669921875,310.06310359047944,-13.345692142721532,46.01953125,-574.0,0.05557717755117926,5m
RETAIL|hold=3|z>=0.5,2,0.5,-104.0048828125,-104.0048828125,-208.009765625,-80.0048828125,212.16656105426438,-7.781746200464994,46.01953125,-254.029296875,0.18115836171701405,5m
RETAIL|hold=3|z>=1.0,1,1.0,46.01953125,46.01953125,46.01953125,70.01953125,,,46.01953125,46.01953125,inf,5m
RETAIL|hold=4|z>=0.0,3,0.6666666666666666,-97.33984375,156.029296875,-292.01953125,-73.33984375,555.1864550528182,-2.7832489450328954,285.9609375,-734.009765625,0.602158520327929,5m
RETAIL|hold=4|z>=0.5,2,0.5,-288.990234375,-288.990234375,-577.98046875,-264.990234375,629.3526566146674,-7.289359472274295,156.029296875,-734.009765625,0.212571145756001,5m
RETAIL|hold=4|z>=1.0,1,1.0,156.029296875,156.029296875,156.029296875,180.029296875,,,156.029296875,156.029296875,inf,5m
CLAIMS|hold=1|z>=0.0,11,0.8181818181818182,306.91708096590907,246.01953125,3376.087890625,330.91708096590907,513.053239001648,9.496397733698698,1065.990234375,-793.970703125,5.07749701598864,5m
CLAIMS|hold=1|z>=0.5,8,0.875,164.763427734375,236.009765625,1318.107421875,188.763427734375,424.4444368961821,6.162263189945083,666.0390625,-793.970703125,2.6601461699871836,5m
CLAIMS|hold=1|z>=1.0,3,0.6666666666666666,-117.32682291666667,215.990234375,-351.98046875,-93.32682291666667,586.0121622624473,-3.178271191741503,226.0,-793.970703125,0.5566833041009759,5m
CLAIMS|hold=2|z>=0.0,11,0.8181818181818182,484.18093039772725,476.0,5325.990234375,508.18093039772725,663.2294135134512,11.58895222640435,1765.990234375,-363.990234375,9.219120732060185,5m
CLAIMS|hold=2|z>=0.5,8,0.75,191.00244140625,281.0048828125,1528.01953125,215.00244140625,362.38244762727425,8.367043653619103,536.009765625,-363.990234375,3.358054832175926,5m
CLAIMS|hold=2|z>=1.0,3,0.6666666666666666,-27.352864583333332,95.970703125,-82.05859375,-3.3528645833333335,222.32773666639252,-1.9530323589265177,105.98046875,-284.009765625,0.7110712247185602,5m
CLAIMS|hold=3|z>=0.0,11,0.6363636363636364,548.7317116477273,306.029296875,6036.048828125,572.7317116477273,997.9965648447798,8.728332521307788,2786.009765625,-724.0,6.55810599125582,5m
CLAIMS|hold=3|z>=0.5,8,0.5,98.509765625,31.0048828125,788.078125,122.509765625,498.6815767647941,3.135856871784192,865.990234375,-724.0,1.7256769905058567,5m
CLAIMS|hold=3|z>=1.0,3,0.0,-324.0,-224.0,-972.0,-300.0,360.5551275463989,-14.265060058111866,-24.0,-724.0,0.0,5m
CLAIMS|hold=4|z>=0.0,11,0.8181818181818182,695.091796875,336.009765625,7646.009765625,719.091796875,1306.2977007319664,8.446956762743095,3905.98046875,-1184.009765625,7.029883276393736,5m
CLAIMS|hold=4|z>=0.5,8,0.75,87.2548828125,321.01953125,698.0390625,111.2548828125,539.6203898213973,2.5668569048071035,436.009765625,-1184.009765625,1.5504955131186984,5m
CLAIMS|hold=4|z>=1.0,3,0.3333333333333333,-290.6829427083333,-84.009765625,-872.048828125,-266.6829427083333,810.0122974388454,-5.696763709931824,395.970703125,-1184.009765625,0.31227492429446757,5m
FOMC+NFP+CPI+PPI+RETAIL+UNRATE+CLAIMS|hold=1|z>=0.0,24,0.7083333333333334,193.08577473958334,251.0244140625,4634.05859375,217.08577473958334,582.9011759906936,5.258424199919587,1065.990234375,-1113.990234375,2.2703079507818433,5m
FOMC+NFP+CPI+PPI|hold=1|z>=0.0,8,0.5,-12.751220703125,90.990234375,-102.009765625,11.248779296875,758.7788137931537,-0.26676990669507794,876.0,-1113.990234375,0.9589661438671555,5m
NFP+CPI+PPI+RETAIL|hold=1|z>=0.0,11,0.5454545454545454,1.4527698863636365,136.009765625,15.98046875,25.452769886363637,652.7944208569502,0.035328131265055907,876.0,-1113.990234375,1.0056668328900709,5m
CLAIMS|hold=1|z>=0.0,11,0.8181818181818182,306.91708096590907,246.01953125,3376.087890625,330.91708096590907,513.053239001648,9.496397733698698,1065.990234375,-793.970703125,5.07749701598864,5m
FOMC+NFP+CPI+PPI+RETAIL+UNRATE+CLAIMS|hold=1|z>=0.5,18,0.6666666666666666,56.56098090277778,220.9951171875,1018.09765625,80.56098090277777,573.033301654489,1.5668857877532532,876.0,-1113.990234375,1.281711651776715,5m
FOMC+NFP+CPI+PPI|hold=1|z>=0.5,8,0.5,-12.751220703125,90.990234375,-102.009765625,11.248779296875,758.7788137931537,-0.26676990669507794,876.0,-1113.990234375,0.9589661438671555,5m
NFP+CPI+PPI+RETAIL|hold=1|z>=0.5,10,0.5,-30.0009765625,26.0,-300.009765625,-6.0009765625,679.2625380837642,-0.7011291094960769,876.0,-1113.990234375,0.8936135582890071,5m
CLAIMS|hold=1|z>=0.5,8,0.875,164.763427734375,236.009765625,1318.107421875,188.763427734375,424.4444368961821,6.162263189945083,666.0390625,-793.970703125,2.6601461699871836,5m
FOMC+NFP+CPI+PPI+RETAIL+UNRATE+CLAIMS|hold=1|z>=1.0,12,0.5833333333333334,-26.498372395833332,176.0,-317.98046875,-2.4983723958333335,658.4905409067827,-0.6388073858507721,876.0,-1113.990234375,0.9030535805733205,5m
FOMC+NFP+CPI+PPI|hold=1|z>=1.0,8,0.5,-12.751220703125,90.990234375,-102.009765625,11.248779296875,758.7788137931537,-0.26676990669507794,876.0,-1113.990234375,0.9589661438671555,5m
NFP+CPI+PPI+RETAIL|hold=1|z>=1.0,9,0.5555555555555556,3.7777777777777777,136.009765625,34.0,27.77777777777778,711.5026334074333,0.08428691649895284,876.0,-1113.990234375,1.0136766426230746,5m
CLAIMS|hold=1|z>=1.0,3,0.6666666666666666,-117.32682291666667,215.990234375,-351.98046875,-93.32682291666667,586.0121622624473,-3.178271191741503,226.0,-793.970703125,0.5566833041009759,5m
FOMC+NFP+CPI+PPI+RETAIL+UNRATE+CLAIMS|hold=2|z>=0.0,24,0.7083333333333334,281.0008138020833,466.0146484375,6744.01953125,305.0008138020833,849.7010845588379,5.249786907684696,1765.990234375,-1603.98046875,2.3386381002705625,5m
FOMC+NFP+CPI+PPI|hold=2|z>=0.0,8,0.625,-11.5,335.9853515625,-92.0,12.5,1164.7795551765712,-0.15673080768985737,1365.990234375,-1603.98046875,0.9765422882722895,5m
NFP+CPI+PPI+RETAIL|hold=2|z>=0.0,11,0.5454545454545454,-31.270951704545453,145.970703125,-343.98046875,-7.270951704545454,985.3050920440979,-0.5038144761775114,1365.990234375,-1603.98046875,0.9216440172356646,5m
CLAIMS|hold=2|z>=0.0,11,0.8181818181818182,484.18093039772725,476.0,5325.990234375,508.18093039772725,663.2294135134512,11.58895222640435,1765.990234375,-363.990234375,9.219120732060185,5m
FOMC+NFP+CPI+PPI+RETAIL+UNRATE+CLAIMS|hold=2|z>=0.5,18,0.6666666666666666,68.78157552083333,181.0048828125,1238.068359375,92.78157552083333,798.6033806460568,1.3672289501012256,1365.990234375,-1603.98046875,1.2484114997464513,5m
FOMC+NFP+CPI+PPI|hold=2|z>=0.5,8,0.625,-11.5,335.9853515625,-92.0,12.5,1164.7795551765712,-0.15673080768985737,1365.990234375,-1603.98046875,0.9765422882722895,5m
NFP+CPI+PPI+RETAIL|hold=2|z>=0.5,10,0.6,-28.9951171875,181.0048828125,-289.951171875,-4.9951171875,1038.5722843071046,-0.443188425913831,1365.990234375,-1603.98046875,0.9331284386230283,5m
CLAIMS|hold=2|z>=0.5,8,0.75,191.00244140625,281.0048828125,1528.01953125,215.00244140625,362.38244762727425,8.367043653619103,536.009765625,-363.990234375,3.358054832175926,5m
FOMC+NFP+CPI+PPI+RETAIL+UNRATE+CLAIMS|hold=2|z>=1.0,12,0.6666666666666666,3.4983723958333335,125.9755859375,41.98046875,27.498372395833332,936.418111786479,0.05930570908251752,1365.990234375,-1603.98046875,1.009981183699474,5m
FOMC+NFP+CPI+PPI|hold=2|z>=1.0,8,0.625,-11.5,335.9853515625,-92.0,12.5,1164.7795551765712,-0.15673080768985737,1365.990234375,-1603.98046875,0.9765422882722895,5m
NFP+CPI+PPI+RETAIL|hold=2|z>=1.0,9,0.6666666666666666,13.782118055555555,216.0390625,124.0390625,37.78211805555556,1092.1882415948455,0.20031742986806297,1365.990234375,-1603.98046875,1.031626875772831,5m
CLAIMS|hold=2|z>=1.0,3,0.6666666666666666,-27.352864583333332,95.970703125,-82.05859375,-3.3528645833333335,222.32773666639252,-1.9530323589265177,105.98046875,-284.009765625,0.7110712247185602,5m
FOMC+NFP+CPI+PPI+RETAIL+UNRATE+CLAIMS|hold=3|z>=0.0,24,0.625,481.419921875,196.01953125,11554.078125,505.419921875,1411.4931494228988,5.414340367124691,3596.01953125,-1853.98046875,2.7650777245050526,5m
FOMC+NFP+CPI+PPI|hold=3|z>=0.0,8,0.625,279.753662109375,260.9853515625,2238.029296875,303.753662109375,1849.428195743113,2.4012566262523056,3596.01953125,-1853.98046875,1.4831761147508011,5m
NFP+CPI+PPI+RETAIL|hold=3|z>=0.0,11,0.5454545454545454,132.3654119318182,46.01953125,1456.01953125,156.3654119318182,1573.9182795199004,1.3350348619054258,3596.01953125,-1853.98046875,1.2666731056093923,5m
CLAIMS|hold=3|z>=0.0,11,0.6363636363636364,548.7317116477273,306.029296875,6036.048828125,572.7317116477273,997.9965648447798,8.728332521307788,2786.009765625,-724.0,6.55810599125582,5m
FOMC+NFP+CPI+PPI+RETAIL+UNRATE+CLAIMS|hold=3|z>=0.5,18,0.5555555555555556,156.56098090277777,51.0,2818.09765625,180.56098090277777,1236.994711914644,2.0091666512168485,3596.01953125,-1853.98046875,1.4718904746128454,5m
FOMC+NFP+CPI+PPI|hold=3|z>=0.5,8,0.625,279.753662109375,260.9853515625,2238.029296875,303.753662109375,1849.428195743113,2.4012566262523056,3596.01953125,-1853.98046875,1.4831761147508011,5m
NFP+CPI+PPI+RETAIL|hold=3|z>=0.5,10,0.6,203.001953125,51.0,2030.01953125,227.001953125,1640.573754696064,1.9642860264894737,3596.01953125,-1853.98046875,1.415481759288648,5m
CLAIMS|hold=3|z>=0.5,8,0.5,98.509765625,31.0048828125,788.078125,122.509765625,498.6815767647941,3.135856871784192,865.990234375,-724.0,1.7256769905058567,5m
FOMC+NFP+CPI+PPI+RETAIL+UNRATE+CLAIMS|hold=3|z>=1.0,12,0.5,109.33740234375,11.009765625,1312.048828125,133.33740234375,1507.6284578713007,1.1512633928699734,3596.01953125,-1853.98046875,1.2341308718832373,5m
FOMC+NFP+CPI+PPI|hold=3|z>=1.0,8,0.625,279.753662109375,260.9853515625,2238.029296875,303.753662109375,1849.428195743113,2.4012566262523056,3596.01953125,-1853.98046875,1.4831761147508011,5m
NFP+CPI+PPI+RETAIL|hold=3|z>=1.0,9,0.6666666666666666,253.783203125,55.98046875,2284.048828125,277.783203125,1731.7351854331412,2.3263854013321255,3596.01953125,-1853.98046875,1.493111435232564,5m
CLAIMS|hold=3|z>=1.0,3,0.0,-324.0,-224.0,-972.0,-300.0,360.5551275463989,-14.265060058111866,-24.0,-724.0,0.0,5m
FOMC+NFP+CPI+PPI+RETAIL+UNRATE+CLAIMS|hold=4|z>=0.0,24,0.7083333333333334,670.1650390625,331.0048828125,16083.9609375,694.1650390625,1712.5668261753942,6.212043829048231,4686.009765625,-2013.990234375,3.46762211376189,5m
FOMC+NFP+CPI+PPI|hold=4|z>=0.0,8,0.5,423.49755859375,245.970703125,3387.98046875,447.49755859375,2117.5377347646163,3.174826693721095,4686.009765625,-2013.990234375,1.7502219769507266,5m
NFP+CPI+PPI+RETAIL|hold=4|z>=0.0,11,0.5454545454545454,281.4509943181818,156.029296875,3095.9609375,305.4509943181818,1805.4387753453675,2.4746870867730735,4686.009765625,-2013.990234375,1.5897090390961275,5m
CLAIMS|hold=4|z>=0.0,11,0.8181818181818182,695.091796875,336.009765625,7646.009765625,719.091796875,1306.2977007319664,8.446956762743095,3905.98046875,-1184.009765625,7.029883276393736,5m
FOMC+NFP+CPI+PPI+RETAIL+UNRATE+CLAIMS|hold=4|z>=0.5,18,0.6111111111111112,194.89105902777777,236.0341796875,3508.0390625,218.89105902777777,1430.7799675872407,2.162316861929656,4686.009765625,-2013.990234375,1.5382078954433875,5m
FOMC+NFP+CPI+PPI|hold=4|z>=0.5,8,0.5,423.49755859375,245.970703125,3387.98046875,447.49755859375,2117.5377347646163,3.174826693721095,4686.009765625,-2013.990234375,1.7502219769507266,5m
NFP+CPI+PPI+RETAIL|hold=4|z>=0.5,10,0.5,281.0,-4.0048828125,2810.0,305.0,1903.0989155602545,2.3439331891698867,4686.009765625,-2013.990234375,1.535240086458655,5m
CLAIMS|hold=4|z>=0.5,8,0.75,87.2548828125,321.01953125,698.0390625,111.2548828125,539.6203898213973,2.5668569048071035,436.009765625,-1184.009765625,1.5504955131186984,5m
FOMC+NFP+CPI+PPI+RETAIL+UNRATE+CLAIMS|hold=4|z>=1.0,12,0.5,222.66341145833334,36.009765625,2671.9609375,246.66341145833334,1753.3783139867337,2.0159209501770667,4686.009765625,-2013.990234375,1.461958065146824,5m
FOMC+NFP+CPI+PPI|hold=4|z>=1.0,8,0.5,423.49755859375,245.970703125,3387.98046875,447.49755859375,2117.5377347646163,3.174826693721095,4686.009765625,-2013.990234375,1.7502219769507266,5m
NFP+CPI+PPI+RETAIL|hold=4|z>=1.0,9,0.5555555555555556,393.77886284722223,156.029296875,3544.009765625,417.77886284722223,1982.7806506961194,3.1526662587163834,4686.009765625,-2013.990234375,1.7847725325526549,5m
CLAIMS|hold=4|z>=1.0,3,0.3333333333333333,-290.6829427083333,-84.009765625,-872.048828125,-266.6829427083333,810.0122974388454,-5.696763709931824,395.970703125,-1184.009765625,0.31227492429446757,5m
