ts,open,high,low,close,volume
2026-06-26 15:55:00+00:00,4091.18,4096.44,4090.61,4095.15,68.24
2026-06-26 16:00:00+00:00,4095.15,4097.2,4093.93,4095.8,146.8
2026-06-26 16:05:00+00:00,4095.8,4095.8,4092.21,4092.85,155.42
2026-06-26 16:10:00+00:00,4092.85,4096.41,4092.4,4095.61,74.67
2026-06-26 16:15:00+00:00,4095.61,4097.88,4094.2,4094.71,60.83
2026-06-26 16:20:00+00:00,4094.71,4094.72,4087.71,4090.21,188.33
2026-06-26 16:25:00+00:00,4090.21,4092.03,4088.91,4090.69,122.8
2026-06-26 16:30:00+00:00,4090.69,4096.59,4090.69,4092.59,140.32
2026-06-26 16:35:00+00:00,4092.59,4092.59,4088.27,4088.45,108.6
2026-06-26 16:40:00+00:00,4088.45,4089.55,4086.05,4088.23,43.05
2026-06-26 16:45:00+00:00,4088.23,4090.47,4087.62,4088.21,74.01
2026-06-26 16:50:00+00:00,4088.21,4089.19,4086.61,4088.9,67.11
2026-06-26 16:55:00+00:00,4088.9,4089.49,4087.28,4088.98,27.3
2026-06-26 17:00:00+00:00,4088.98,4089.75,4087.84,4088.71,60.55
2026-06-26 17:05:00+00:00,4088.71,4091.74,4088.48,4090.85,22.08
2026-06-26 17:10:00+00:00,4090.85,4091.03,4086.85,4087.81,53.38
2026-06-26 17:15:00+00:00,4087.81,4088.24,4086.0,4086.0,20.65
2026-06-26 17:20:00+00:00,4086.0,4089.11,4084.59,4089.04,41.38
2026-06-26 17:25:00+00:00,4089.04,4089.04,4084.94,4085.57,27.6
2026-06-26 17:30:00+00:00,4085.57,4087.55,4080.77,4081.78,97.19
2026-06-26 17:35:00+00:00,4081.78,4082.43,4078.01,4078.95,66.6
2026-06-26 17:40:00+00:00,4078.95,4080.91,4077.55,4080.05,55.84
2026-06-26 17:45:00+00:00,4080.05,4081.06,4077.79,4079.56,53.8
2026-06-26 17:50:00+00:00,4079.56,4080.62,4077.94,4078.84,30.76
2026-06-26 17:55:00+00:00,4078.84,4079.37,4077.47,4078.72,35.72
2026-06-26 18:00:00+00:00,4078.72,4080.55,4076.7,4080.55,50.8
2026-06-26 18:05:00+00:00,4080.55,4083.0,4079.26,4082.02,46.53
2026-06-26 18:10:00+00:00,4082.02,4082.05,4080.24,4080.56,121.09
2026-06-26 18:15:00+00:00,4080.56,4080.78,4077.87,4078.22,48.82
2026-06-26 18:20:00+00:00,4078.22,4078.38,4076.02,4076.08,121.6
2026-06-26 18:25:00+00:00,4076.08,4077.82,4076.08,4077.82,37.17
2026-06-26 18:30:00+00:00,4077.82,4080.07,4077.82,4078.58,26.54
2026-06-26 18:35:00+00:00,4078.58,4078.97,4077.07,4077.89,24.46
2026-06-26 18:40:00+00:00,4077.89,4078.14,4076.38,4077.14,18.36
2026-06-26 18:45:00+00:00,4077.14,4077.14,4072.09,4073.94,66.36
2026-06-26 18:50:00+00:00,4073.94,4075.03,4072.85,4074.46,34.1
2026-06-26 18:55:00+00:00,4074.46,4075.51,4071.68,4072.14,28.82
2026-06-26 19:00:00+00:00,4072.14,4072.94,4069.59,4070.0,59.17
2026-06-26 19:05:00+00:00,4070.0,4071.89,4069.12,4071.11,59.05
2026-06-26 19:10:00+00:00,4071.11,4074.28,4070.43,4073.89,42.26
2026-06-26 19:15:00+00:00,4073.89,4074.24,4071.93,4073.29,101.26
2026-06-26 19:20:00+00:00,4073.29,4073.29,4069.61,4070.57,36.91
2026-06-26 19:25:00+00:00,4070.57,4072.21,4069.91,4071.28,30.13
2026-06-26 19:30:00+00:00,4071.28,4075.4,4070.87,4075.4,34.86
2026-06-26 19:35:00+00:00,4075.4,4075.82,4073.08,4073.71,77.71
2026-06-26 19:40:00+00:00,4073.71,4074.99,4073.28,4073.98,15.87
2026-06-26 19:45:00+00:00,4073.98,4074.47,4072.11,4073.85,18.15
2026-06-26 19:50:00+00:00,4073.85,4078.88,4073.85,4078.44,105.27
2026-06-26 19:55:00+00:00,4078.44,4079.13,4075.92,4075.93,54.5
2026-06-26 20:00:00+00:00,4075.93,4077.63,4075.16,4076.69,197.5
2026-06-26 20:05:00+00:00,4076.69,4076.69,4073.03,4073.03,14.36
2026-06-26 20:10:00+00:00,4073.03,4073.48,4070.03,4073.21,40.89
2026-06-26 20:15:00+00:00,4073.21,4073.63,4071.31,4072.79,38.69
2026-06-26 20:20:00+00:00,4072.79,4075.94,4072.37,4075.93,11.99
2026-06-26 20:25:00+00:00,4075.93,4077.84,4075.93,4077.28,38.97
2026-06-26 20:30:00+00:00,4077.28,4077.28,4071.47,4075.09,85.87
2026-06-26 20:35:00+00:00,4075.09,4075.09,4072.76,4074.29,45.06
2026-06-26 20:40:00+00:00,4074.29,4075.6,4073.78,4075.6,19.32
2026-06-26 20:45:00+00:00,4075.6,4080.53,4074.87,4080.29,39.73
2026-06-26 20:50:00+00:00,4080.29,4086.56,4078.1,4086.06,61.05
2026-06-26 20:55:00+00:00,4086.06,4095.38,4085.19,4093.65,234.05
2026-06-26 21:00:00+00:00,4093.65,4093.65,4090.53,4091.65,19.16
2026-06-26 21:05:00+00:00,4091.65,4091.65,4088.4,4089.68,24.4
2026-06-26 21:10:00+00:00,4089.68,4090.78,4087.69,4087.84,21.75
2026-06-26 21:15:00+00:00,4087.84,4088.62,4087.84,4088.33,4.26
2026-06-26 21:20:00+00:00,4088.33,4089.56,4088.13,4088.99,4.67
2026-06-26 21:25:00+00:00,4088.99,4091.08,4088.55,4089.97,6.28
2026-06-26 21:30:00+00:00,4089.97,4090.17,4089.59,4089.59,10.57
2026-06-26 21:35:00+00:00,4089.59,4089.59,4089.16,4089.16,1.79
2026-06-26 21:40:00+00:00,4089.16,4090.69,4089.16,4089.99,26.82
2026-06-26 21:45:00+00:00,4089.99,4089.99,4089.45,4089.5,0.8
2026-06-26 21:50:00+00:00,4089.5,4089.76,4089.16,4089.69,5.67
2026-06-26 21:55:00+00:00,4089.69,4089.69,4088.68,4088.79,12.12
2026-06-26 22:00:00+00:00,4088.79,4089.8,4088.79,4089.59,16.2
2026-06-26 22:05:00+00:00,4089.59,4089.73,4089.32,4089.35,2.96
2026-06-26 22:10:00+00:00,4089.35,4089.43,4087.97,4088.98,6.28
2026-06-26 22:15:00+00:00,4088.98,4088.98,4088.22,4088.98,12.42
2026-06-26 22:20:00+00:00,4088.98,4088.98,4088.36,4088.36,0.26
2026-06-26 22:25:00+00:00,4088.36,4088.98,4088.36,4088.98,0.63
2026-06-26 22:30:00+00:00,4088.98,4088.98,4088.39,4088.39,0.18
2026-06-26 22:35:00+00:00,4088.39,4089.89,4088.39,4089.85,4.52
2026-06-26 22:40:00+00:00,4089.85,4090.6,4089.79,4090.44,10.69
2026-06-26 22:45:00+00:00,4090.44,4091.74,4090.44,4090.94,48.36
2026-06-26 22:50:00+00:00,4090.94,4091.49,4090.7,4090.96,9.39
2026-06-26 22:55:00+00:00,4090.96,4090.97,4090.71,4090.72,2.35
2026-06-26 23:00:00+00:00,4090.72,4091.37,4090.72,4090.98,13.18
2026-06-26 23:05:00+00:00,4090.98,4090.98,4090.69,4090.89,2.44
2026-06-26 23:10:00+00:00,4090.89,4091.68,4090.89,4091.41,1.75
2026-06-26 23:15:00+00:00,4091.41,4091.41,4091.22,4091.22,5.85
2026-06-26 23:20:00+00:00,4091.22,4092.94,4091.2,4092.93,17.58
2026-06-26 23:25:00+00:00,4092.93,4092.94,4092.52,4092.74,47.92
2026-06-26 23:30:00+00:00,4092.74,4092.96,4092.16,4092.16,0.89
2026-06-26 23:35:00+00:00,4092.16,4092.16,4091.54,4091.89,10.47
2026-06-26 23:40:00+00:00,4091.89,4091.9,4090.74,4091.11,9.84
2026-06-26 23:45:00+00:00,4091.11,4091.65,4091.11,4091.65,15.67
2026-06-26 23:50:00+00:00,4091.65,4092.97,4091.53,4091.94,29.08
2026-06-26 23:55:00+00:00,4091.94,4092.14,4091.71,4091.71,0.47
2026-06-27 00:00:00+00:00,4091.71,4092.85,4091.53,4092.14,2.76
2026-06-27 00:05:00+00:00,4092.14,4092.98,4091.67,4091.9,46.88
2026-06-27 00:10:00+00:00,4091.9,4092.45,4091.46,4091.46,43.11
2026-06-27 00:15:00+00:00,4091.46,4091.55,4090.94,4090.94,21.1
2026-06-27 00:20:00+00:00,4090.94,4091.14,4089.21,4089.59,14.28
2026-06-27 00:25:00+00:00,4089.59,4089.59,4088.18,4088.5,25.49
2026-06-27 00:30:00+00:00,4088.5,4089.15,4088.28,4088.89,9.18
2026-06-27 00:35:00+00:00,4088.89,4088.89,4087.97,4088.55,3.57
2026-06-27 00:40:00+00:00,4088.55,4088.55,4087.97,4088.06,3.93
2026-06-27 00:45:00+00:00,4088.06,4088.55,4088.06,4088.5,3.84
2026-06-27 00:50:00+00:00,4088.5,4088.61,4088.07,4088.5,2.63
2026-06-27 00:55:00+00:00,4088.5,4088.61,4088.5,4088.51,0.89
2026-06-27 01:00:00+00:00,4088.51,4088.59,4088.5,4088.59,22.05
2026-06-27 01:05:00+00:00,4088.59,4089.79,4088.59,4089.62,0.3
2026-06-27 01:10:00+00:00,4089.62,4090.42,4089.62,4090.42,5.03
2026-06-27 01:15:00+00:00,4090.42,4090.42,4090.18,4090.2,1.41
2026-06-27 01:20:00+00:00,4090.2,4090.94,4090.2,4090.94,1.01
2026-06-27 01:25:00+00:00,4090.94,4090.94,4090.57,4090.57,0.35
2026-06-27 01:30:00+00:00,4090.57,4090.85,4090.55,4090.56,3.18
2026-06-27 01:35:00+00:00,4090.56,4092.58,4090.56,4092.29,19.88
2026-06-27 01:40:00+00:00,4092.29,4093.32,4092.29,4092.62,13.67
2026-06-27 01:45:00+00:00,4092.62,4092.62,4091.55,4091.55,0.75
2026-06-27 01:50:00+00:00,4091.55,4091.55,4090.87,4091.13,11.81
2026-06-27 01:55:00+00:00,4091.13,4091.28,4090.59,4090.93,5.18
2026-06-27 02:00:00+00:00,4090.93,4090.93,4090.82,4090.82,0.69
2026-06-27 02:05:00+00:00,4090.82,4090.82,4090.6,4090.82,1.2
2026-06-27 02:10:00+00:00,4090.82,4090.82,4090.79,4090.79,0.56
2026-06-27 02:15:00+00:00,4090.79,4090.79,4090.6,4090.6,3.73
2026-06-27 02:20:00+00:00,4090.6,4091.27,4090.6,4091.16,7.29
2026-06-27 02:25:00+00:00,4091.16,4091.17,4091.16,4091.17,0.9
2026-06-27 02:30:00+00:00,4091.17,4091.17,4089.71,4089.93,6.74
2026-06-27 02:35:00+00:00,4089.93,4089.93,4089.93,4089.93,1.28
2026-06-27 02:40:00+00:00,4089.93,4089.93,4089.93,4089.93,3.17
2026-06-27 02:45:00+00:00,4089.93,4089.93,4089.71,4089.93,2.7
2026-06-27 02:50:00+00:00,4089.93,4089.93,4089.44,4089.72,1.53
2026-06-27 02:55:00+00:00,4089.72,4089.93,4089.72,4089.86,0.25
2026-06-27 03:00:00+00:00,4089.86,4091.33,4089.86,4091.08,13.73
2026-06-27 03:05:00+00:00,4091.08,4091.17,4091.08,4091.13,0.49
2026-06-27 03:10:00+00:00,4091.13,4091.13,4090.53,4090.78,6.31
2026-06-27 03:15:00+00:00,4090.78,4090.86,4090.61,4090.78,5.01
2026-06-27 03:20:00+00:00,4090.78,4091.0,4090.61,4090.61,0.66
2026-06-27 03:25:00+00:00,4090.61,4091.0,4090.61,4090.82,3.66
2026-06-27 03:30:00+00:00,4090.82,4091.66,4090.82,4091.66,2.43
2026-06-27 03:35:00+00:00,4091.66,4092.18,4091.65,4092.01,0.8
2026-06-27 03:40:00+00:00,4092.01,4092.01,4091.65,4091.89,3.86
2026-06-27 03:45:00+00:00,4091.89,4092.18,4091.89,4092.18,3.93
2026-06-27 03:50:00+00:00,4092.18,4092.18,4091.27,4091.3,16.5
2026-06-27 03:55:00+00:00,4091.3,4091.3,4090.78,4091.11,8.88
2026-06-27 04:00:00+00:00,4091.11,4091.11,4090.76,4090.76,3.4
2026-06-27 04:05:00+00:00,4090.76,4092.49,4090.76,4091.98,9.91
2026-06-27 04:10:00+00:00,4091.98,4092.0,4091.54,4091.83,2.58
2026-06-27 04:15:00+00:00,4091.83,4092.47,4091.83,4092.47,1.02
2026-06-27 04:20:00+00:00,4092.47,4092.47,4092.2,4092.45,5.64
2026-06-27 04:25:00+00:00,4092.45,4092.47,4091.98,4092.19,11.1
2026-06-27 04:30:00+00:00,4092.19,4092.8,4092.19,4092.8,11.41
2026-06-27 04:35:00+00:00,4092.8,4092.8,4091.59,4092.18,13.99
2026-06-27 04:40:00+00:00,4092.18,4092.18,4091.99,4091.99,2.1
2026-06-27 04:45:00+00:00,4091.99,4091.99,4090.68,4090.99,11.45
2026-06-27 04:50:00+00:00,4090.99,4091.09,4090.77,4090.9,6.63
2026-06-27 04:55:00+00:00,4090.9,4091.08,4088.64,4089.09,18.05
2026-06-27 05:00:00+00:00,4089.09,4089.24,4089.0,4089.0,5.34
2026-06-27 05:05:00+00:00,4089.0,4089.69,4089.0,4089.68,5.57
2026-06-27 05:10:00+00:00,4089.68,4089.69,4089.68,4089.69,0.18
2026-06-27 05:15:00+00:00,4089.69,4089.69,4089.45,4089.45,11.56
2026-06-27 05:20:00+00:00,4089.45,4089.46,4089.44,4089.44,0.99
2026-06-27 05:25:00+00:00,4089.44,4089.44,4088.42,4088.74,5.0
2026-06-27 05:30:00+00:00,4088.74,4088.77,4088.5,4088.5,4.21
2026-06-27 05:35:00+00:00,4088.5,4088.77,4088.5,4088.5,1.78
2026-06-27 05:40:00+00:00,4088.5,4088.77,4088.5,4088.51,3.66
2026-06-27 05:45:00+00:00,4088.51,4089.05,4088.51,4088.89,1.76
2026-06-27 05:50:00+00:00,4088.89,4088.9,4088.89,4088.89,0.69
2026-06-27 05:55:00+00:00,4088.89,4089.0,4088.74,4088.74,0.99
2026-06-27 06:00:00+00:00,4088.74,4088.74,4088.73,4088.74,0.11
2026-06-27 06:05:00+00:00,4088.74,4088.74,4088.53,4088.53,2.87
2026-06-27 06:10:00+00:00,4088.53,4088.72,4088.2,4088.44,2.89
2026-06-27 06:15:00+00:00,4088.44,4088.72,4088.44,4088.53,6.72
2026-06-27 06:20:00+00:00,4088.53,4088.72,4088.13,4088.72,6.04
2026-06-27 06:25:00+00:00,4088.72,4088.72,4088.3,4088.32,13.73
2026-06-27 06:30:00+00:00,4088.32,4089.8,4088.32,4089.49,18.24
2026-06-27 06:35:00+00:00,4089.49,4090.38,4089.02,4090.37,8.95
2026-06-27 06:40:00+00:00,4090.37,4091.61,4090.26,4090.26,6.48
2026-06-27 06:45:00+00:00,4090.26,4090.41,4090.25,4090.28,0.98
2026-06-27 06:50:00+00:00,4090.28,4090.48,4089.42,4089.42,2.75
2026-06-27 06:55:00+00:00,4089.42,4090.26,4089.42,4090.26,9.1
2026-06-27 07:00:00+00:00,4090.26,4090.68,4090.26,4090.68,10.15
2026-06-27 07:05:00+00:00,4090.68,4091.32,4090.68,4090.75,6.19
2026-06-27 07:10:00+00:00,4090.75,4091.04,4089.94,4090.65,15.3
2026-06-27 07:15:00+00:00,4090.65,4091.28,4090.65,4090.78,13.03
2026-06-27 07:20:00+00:00,4090.78,4091.7,4090.78,4091.7,4.44
2026-06-27 07:25:00+00:00,4091.7,4092.24,4091.7,4092.17,16.8
2026-06-27 07:30:00+00:00,4092.17,4092.31,4092.17,4092.3,4.26
2026-06-27 07:35:00+00:00,4092.3,4092.3,4091.31,4091.54,14.88
2026-06-27 07:40:00+00:00,4091.54,4091.54,4091.06,4091.29,5.99
2026-06-27 07:45:00+00:00,4091.29,4091.29,4090.25,4090.59,6.9
2026-06-27 07:50:00+00:00,4090.59,4091.05,4090.59,4091.03,6.24
2026-06-27 07:55:00+00:00,4091.03,4091.51,4091.03,4091.32,6.48
2026-06-27 08:00:00+00:00,4091.32,4091.65,4091.32,4091.65,7.53
2026-06-27 08:05:00+00:00,4091.65,4091.98,4091.51,4091.98,7.64
2026-06-27 08:10:00+00:00,4091.98,4092.18,4091.64,4091.73,32.02
2026-06-27 08:15:00+00:00,4091.73,4091.97,4091.73,4091.73,4.63
2026-06-27 08:20:00+00:00,4091.73,4091.74,4091.73,4091.73,1.42
2026-06-27 08:25:00+00:00,4091.73,4091.74,4091.73,4091.73,2.11
2026-06-27 08:30:00+00:00,4091.73,4091.73,4090.76,4090.93,39.48
2026-06-27 08:35:00+00:00,4090.93,4091.29,4090.93,4091.29,6.65
2026-06-27 08:40:00+00:00,4091.29,4091.74,4091.03,4091.46,37.73
2026-06-27 08:45:00+00:00,4091.46,4091.65,4091.3,4091.34,4.51
2026-06-27 08:50:00+00:00,4091.34,4091.9,4091.2,4091.49,16.02
2026-06-27 08:55:00+00:00,4091.49,4091.49,4090.76,4090.76,5.25
2026-06-27 09:00:00+00:00,4090.76,4091.0,4090.42,4090.77,14.06
2026-06-27 09:05:00+00:00,4090.77,4090.77,4090.62,4090.77,2.75
2026-06-27 09:10:00+00:00,4090.77,4090.77,4090.77,4090.77,0.33
2026-06-27 09:15:00+00:00,4090.77,4091.0,4090.26,4091.0,19.37
2026-06-27 09:20:00+00:00,4091.0,4091.0,4090.64,4090.64,2.01
2026-06-27 09:25:00+00:00,4090.64,4090.86,4090.64,4090.85,0.39
2026-06-27 09:30:00+00:00,4090.85,4090.86,4090.27,4090.27,2.97
2026-06-27 09:35:00+00:00,4090.27,4090.66,4090.27,4090.66,0.15
2026-06-27 09:40:00+00:00,4090.66,4090.66,4090.4,4090.65,0.8
2026-06-27 09:45:00+00:00,4090.65,4090.65,4090.41,4090.41,2.22
2026-06-27 09:50:00+00:00,4090.41,4090.42,4090.41,4090.42,0.27
2026-06-27 09:55:00+00:00,4090.42,4090.42,4090.42,4090.42,0.1
2026-06-27 10:00:00+00:00,4090.42,4091.17,4090.42,4091.01,11.14
2026-06-27 10:05:00+00:00,4091.01,4091.17,4090.52,4090.59,4.17
2026-06-27 10:10:00+00:00,4090.59,4090.83,4090.59,4090.83,0.84
2026-06-27 10:15:00+00:00,4090.83,4091.16,4090.83,4091.16,0.99
2026-06-27 10:20:00+00:00,4091.16,4091.46,4091.16,4091.46,0.06
2026-06-27 10:25:00+00:00,4091.46,4091.46,4091.17,4091.17,5.28
2026-06-27 10:30:00+00:00,4091.17,4091.18,4091.17,4091.18,0.68
2026-06-27 10:35:00+00:00,4091.18,4091.33,4091.02,4091.02,0.2
2026-06-27 10:40:00+00:00,4091.02,4091.48,4091.02,4091.48,2.49
2026-06-27 10:45:00+00:00,4091.48,4091.49,4091.48,4091.48,2.1
2026-06-27 10:50:00+00:00,4091.48,4091.49,4091.03,4091.49,20.36
2026-06-27 10:55:00+00:00,4091.49,4091.69,4091.34,4091.49,1.76
2026-06-27 11:00:00+00:00,4091.49,4091.97,4091.48,4091.97,1.68
2026-06-27 11:05:00+00:00,4091.97,4091.98,4091.66,4091.67,4.31
2026-06-27 11:10:00+00:00,4091.67,4091.67,4091.33,4091.33,3.37
2026-06-27 11:15:00+00:00,4091.33,4091.33,4089.87,4090.05,18.56
2026-06-27 11:20:00+00:00,4090.05,4090.05,4089.1,4089.67,23.79
2026-06-27 11:25:00+00:00,4089.67,4089.68,4089.67,4089.67,1.78
2026-06-27 11:30:00+00:00,4089.67,4089.68,4089.67,4089.67,5.09
2026-06-27 11:35:00+00:00,4089.67,4090.36,4089.67,4090.36,6.88
2026-06-27 11:40:00+00:00,4090.36,4090.81,4090.36,4090.69,20.05
2026-06-27 11:45:00+00:00,4090.69,4091.97,4090.57,4091.54,11.42
2026-06-27 11:50:00+00:00,4091.54,4091.66,4091.54,4091.66,0.34
2026-06-27 11:55:00+00:00,4091.66,4091.66,4091.33,4091.33,7.46
2026-06-27 12:00:00+00:00,4091.33,4091.53,4091.33,4091.53,5.44
2026-06-27 12:05:00+00:00,4091.53,4091.53,4091.53,4091.53,0.24
2026-06-27 12:10:00+00:00,4091.53,4091.53,4091.21,4091.22,4.06
2026-06-27 12:15:00+00:00,4091.22,4091.23,4090.82,4090.82,1.05
2026-06-27 12:20:00+00:00,4090.82,4090.82,4090.23,4090.46,3.38
2026-06-27 12:25:00+00:00,4090.46,4090.46,4089.94,4090.4,4.84
2026-06-27 12:30:00+00:00,4090.4,4091.33,4090.4,4091.07,2.85
2026-06-27 12:35:00+00:00,4091.07,4091.47,4091.07,4091.47,0.29
2026-06-27 12:40:00+00:00,4091.47,4091.47,4091.07,4091.07,1.74
2026-06-27 12:45:00+00:00,4091.07,4091.66,4091.07,4091.46,6.78
2026-06-27 12:50:00+00:00,4091.46,4091.46,4090.47,4090.48,10.59
2026-06-27 12:55:00+00:00,4090.48,4090.48,4088.97,4089.88,19.63
2026-06-27 13:00:00+00:00,4089.88,4090.3,4089.87,4090.29,2.08
2026-06-27 13:05:00+00:00,4090.29,4090.39,4089.66,4089.68,12.59
2026-06-27 13:10:00+00:00,4089.68,4090.39,4089.68,4090.3,1.86
2026-06-27 13:15:00+00:00,4090.3,4090.3,4089.94,4089.94,7.71
2026-06-27 13:20:00+00:00,4089.94,4089.94,4089.94,4089.94,0.0
2026-06-27 13:25:00+00:00,4089.94,4090.06,4089.09,4090.06,8.25
2026-06-27 13:30:00+00:00,4090.06,4090.19,4089.83,4089.85,9.11
2026-06-27 13:35:00+00:00,4089.85,4091.24,4089.85,4091.24,17.27
2026-06-27 13:40:00+00:00,4091.24,4091.24,4090.89,4090.89,1.63
2026-06-27 13:45:00+00:00,4090.89,4090.97,4090.62,4090.62,3.85
2026-06-27 13:50:00+00:00,4090.62,4091.47,4090.62,4090.89,5.94
2026-06-27 13:55:00+00:00,4090.89,4090.89,4090.89,4090.89,0.22
2026-06-27 14:00:00+00:00,4090.89,4091.11,4090.54,4090.65,37.63
2026-06-27 14:05:00+00:00,4090.65,4090.65,4090.44,4090.44,1.61
2026-06-27 14:10:00+00:00,4090.44,4090.64,4090.24,4090.24,10.59
2026-06-27 14:15:00+00:00,4090.24,4090.25,4089.54,4089.54,8.34
2026-06-27 14:20:00+00:00,4089.54,4089.68,4089.19,4089.19,8.69
2026-06-27 14:25:00+00:00,4089.19,4089.74,4089.19,4089.74,12.7
2026-06-27 14:30:00+00:00,4089.74,4090.0,4089.47,4089.47,6.24
2026-06-27 14:35:00+00:00,4089.47,4089.58,4089.47,4089.58,0.63
2026-06-27 14:40:00+00:00,4089.58,4089.58,4089.44,4089.44,0.75
2026-06-27 14:45:00+00:00,4089.44,4089.44,4089.22,4089.22,0.04
2026-06-27 14:50:00+00:00,4089.22,4089.22,4089.22,4089.22,1.49
2026-06-27 14:55:00+00:00,4089.22,4089.23,4089.22,4089.22,2.19
2026-06-27 15:00:00+00:00,4089.22,4089.23,4088.58,4089.12,9.97
2026-06-27 15:05:00+00:00,4089.12,4089.41,4089.11,4089.41,7.03
2026-06-27 15:10:00+00:00,4089.41,4091.11,4089.2,4091.11,47.82
2026-06-27 15:15:00+00:00,4091.11,4091.45,4091.11,4091.44,3.66
2026-06-27 15:20:00+00:00,4091.44,4091.44,4090.56,4091.05,5.6
2026-06-27 15:25:00+00:00,4091.05,4091.1,4091.05,4091.09,0.89
2026-06-27 15:30:00+00:00,4091.09,4091.31,4089.87,4091.17,80.66
2026-06-27 15:35:00+00:00,4091.17,4091.44,4090.75,4091.44,2.29
2026-06-27 15:40:00+00:00,4091.44,4091.44,4090.99,4090.99,3.98
2026-06-27 15:45:00+00:00,4090.99,4090.99,4090.02,4090.29,2.64
2026-06-27 15:50:00+00:00,4090.29,4090.59,4090.29,4090.58,3.56
2026-06-27 15:55:00+00:00,4090.58,4090.99,4090.35,4090.99,6.75
2026-06-27 16:00:00+00:00,4090.99,4091.19,4090.84,4091.18,9.82
2026-06-27 16:05:00+00:00,4091.18,4091.29,4091.18,4091.28,1.08
2026-06-27 16:10:00+00:00,4091.28,4091.29,4090.93,4090.94,4.46
2026-06-27 16:15:00+00:00,4090.94,4091.24,4090.94,4091.18,2.75
2026-06-27 16:20:00+00:00,4091.18,4092.06,4090.95,4092.05,47.84
2026-06-27 16:25:00+00:00,4092.05,4092.41,4092.04,4092.3,5.68
2026-06-27 16:30:00+00:00,4092.3,4092.5,4092.21,4092.49,2.54
2026-06-27 16:35:00+00:00,4092.49,4092.49,4091.98,4091.99,3.28
2026-06-27 16:40:00+00:00,4091.99,4093.83,4091.98,4092.64,63.72
2026-06-27 16:45:00+00:00,4092.64,4092.64,4092.31,4092.62,5.24
2026-06-27 16:50:00+00:00,4092.62,4093.04,4092.57,4092.84,5.83
2026-06-27 16:55:00+00:00,4092.84,4092.84,4092.8,4092.81,5.29
2026-06-27 17:00:00+00:00,4092.81,4092.84,4090.0,4090.68,31.54
2026-06-27 17:05:00+00:00,4090.68,4091.06,4087.91,4088.4,43.56
2026-06-27 17:10:00+00:00,4088.4,4089.9,4086.56,4088.25,36.73
2026-06-27 17:15:00+00:00,4088.25,4088.25,4085.58,4087.58,18.17
2026-06-27 17:20:00+00:00,4087.58,4087.58,4082.46,4082.46,56.79
2026-06-27 17:25:00+00:00,4082.46,4083.55,4081.85,4083.26,10.5
2026-06-27 17:30:00+00:00,4083.26,4083.54,4082.9,4083.53,15.17
2026-06-27 17:35:00+00:00,4083.53,4084.72,4083.3,4084.26,6.37
2026-06-27 17:40:00+00:00,4084.26,4085.06,4084.16,4084.16,3.03
2026-06-27 17:45:00+00:00,4084.16,4084.83,4084.16,4084.82,0.98
2026-06-27 17:50:00+00:00,4084.82,4085.31,4084.3,4085.31,4.79
2026-06-27 17:55:00+00:00,4085.31,4086.57,4085.31,4085.34,9.28
2026-06-27 18:00:00+00:00,4085.34,4085.89,4085.34,4085.89,2.32
2026-06-27 18:05:00+00:00,4085.89,4087.59,4085.89,4087.59,7.66
2026-06-27 18:10:00+00:00,4087.59,4087.59,4086.83,4086.83,5.74
2026-06-27 18:15:00+00:00,4086.83,4087.01,4086.83,4086.99,2.99
2026-06-27 18:20:00+00:00,4086.99,4086.99,4086.46,4086.56,0.74
2026-06-27 18:25:00+00:00,4086.56,4086.87,4085.9,4085.91,1.23
2026-06-27 18:30:00+00:00,4085.91,4085.91,4085.28,4085.83,2.2
2026-06-27 18:35:00+00:00,4085.83,4086.14,4085.55,4085.56,0.31
2026-06-27 18:40:00+00:00,4085.56,4086.11,4085.56,4085.95,4.17
2026-06-27 18:45:00+00:00,4085.95,4087.44,4085.57,4085.58,9.76
2026-06-27 18:50:00+00:00,4085.58,4085.82,4085.58,4085.77,0.72
2026-06-27 18:55:00+00:00,4085.77,4086.32,4085.77,4086.32,2.09
2026-06-27 19:00:00+00:00,4086.32,4086.99,4085.53,4085.92,8.09
2026-06-27 19:05:00+00:00,4085.92,4086.09,4085.68,4085.68,1.19
2026-06-27 19:10:00+00:00,4085.68,4085.91,4085.68,4085.69,0.22
2026-06-27 19:15:00+00:00,4085.69,4086.09,4084.73,4085.55,5.99
2026-06-27 19:20:00+00:00,4085.55,4085.55,4083.57,4084.29,2.15
2026-06-27 19:25:00+00:00,4084.29,4084.67,4082.82,4084.43,4.74
2026-06-27 19:30:00+00:00,4084.43,4084.43,4082.43,4082.43,4.2
2026-06-27 19:35:00+00:00,4082.43,4082.44,4081.41,4081.65,5.49
2026-06-27 19:40:00+00:00,4081.65,4081.84,4081.07,4081.07,13.75
2026-06-27 19:45:00+00:00,4081.07,4082.46,4081.07,4082.36,11.0
2026-06-27 19:50:00+00:00,4082.36,4082.45,4082.25,4082.45,0.27
2026-06-27 19:55:00+00:00,4082.45,4083.52,4082.45,4083.48,1.16
2026-06-27 20:00:00+00:00,4083.48,4083.96,4082.81,4083.96,14.39
2026-06-27 20:05:00+00:00,4083.96,4084.18,4083.96,4084.17,1.95
2026-06-27 20:10:00+00:00,4084.17,4084.18,4084.17,4084.17,0.63
2026-06-27 20:15:00+00:00,4084.17,4086.74,4084.17,4085.35,23.77
2026-06-27 20:20:00+00:00,4085.35,4085.74,4084.77,4085.58,6.46
2026-06-27 20:25:00+00:00,4085.58,4085.87,4085.56,4085.56,3.33
2026-06-27 20:30:00+00:00,4085.56,4085.85,4085.32,4085.64,0.68
2026-06-27 20:35:00+00:00,4085.64,4086.15,4085.4,4085.87,9.99
2026-06-27 20:40:00+00:00,4085.87,4086.14,4085.66,4085.66,3.41
2026-06-27 20:45:00+00:00,4085.66,4086.06,4085.48,4085.87,17.55
2026-06-27 20:50:00+00:00,4085.87,4085.87,4084.97,4085.06,6.65
2026-06-27 20:55:00+00:00,4085.06,4085.19,4084.43,4084.45,3.22
2026-06-27 21:00:00+00:00,4084.45,4087.18,4084.45,4087.05,8.92
2026-06-27 21:05:00+00:00,4087.05,4087.11,4086.31,4087.11,3.21
2026-06-27 21:10:00+00:00,4087.11,4087.19,4085.4,4085.4,8.49
2026-06-27 21:15:00+00:00,4085.4,4085.4,4084.18,4084.43,27.25
2026-06-27 21:20:00+00:00,4084.43,4086.45,4084.18,4086.11,7.2
2026-06-27 21:25:00+00:00,4086.11,4087.18,4085.68,4086.86,5.77
2026-06-27 21:30:00+00:00,4086.86,4089.99,4086.86,4089.53,2.45
2026-06-27 21:35:00+00:00,4089.53,4089.53,4087.53,4087.53,1.72
2026-06-27 21:40:00+00:00,4087.53,4087.66,4085.35,4085.55,6.74
2026-06-27 21:45:00+00:00,4085.55,4086.8,4084.33,4084.33,1.3
2026-06-27 21:50:00+00:00,4084.33,4084.91,4083.49,4083.58,3.61
2026-06-27 21:55:00+00:00,4083.58,4085.42,4083.51,4085.41,16.2
2026-06-27 22:00:00+00:00,4085.41,4088.23,4085.41,4086.36,17.65
2026-06-27 22:05:00+00:00,4086.36,4086.55,4085.4,4085.52,2.8
2026-06-27 22:10:00+00:00,4085.52,4086.11,4085.39,4085.39,8.04
2026-06-27 22:15:00+00:00,4085.39,4085.39,4083.1,4084.4,14.79
2026-06-27 22:20:00+00:00,4084.4,4085.21,4084.4,4084.96,2.73
2026-06-27 22:25:00+00:00,4084.96,4084.96,4084.39,4084.71,11.64
2026-06-27 22:30:00+00:00,4084.71,4085.51,4084.59,4085.02,10.43
2026-06-27 22:35:00+00:00,4085.02,4085.52,4084.79,4085.1,14.53
2026-06-27 22:40:00+00:00,4085.1,4085.51,4084.9,4085.19,6.92
2026-06-27 22:45:00+00:00,4085.19,4086.04,4085.19,4086.02,14.68
2026-06-27 22:50:00+00:00,4086.02,4086.13,4085.61,4085.9,3.48
2026-06-27 22:55:00+00:00,4085.9,4086.43,4085.9,4086.43,1.99
2026-06-27 23:00:00+00:00,4086.43,4087.05,4086.34,4086.34,3.5
2026-06-27 23:05:00+00:00,4086.34,4086.86,4086.21,4086.33,3.19
2026-06-27 23:10:00+00:00,4086.33,4086.33,4084.48,4084.48,18.74
2026-06-27 23:15:00+00:00,4084.48,4084.48,4083.96,4083.96,29.02
2026-06-27 23:20:00+00:00,4083.96,4083.96,4081.44,4081.44,19.15
2026-06-27 23:25:00+00:00,4081.44,4081.86,4081.44,4081.55,31.27
2026-06-27 23:30:00+00:00,4081.55,4082.89,4081.55,4082.89,4.63
2026-06-27 23:35:00+00:00,4082.89,4084.13,4082.35,4082.35,26.02
2026-06-27 23:40:00+00:00,4082.35,4083.1,4082.35,4083.03,11.74
2026-06-27 23:45:00+00:00,4083.03,4083.97,4083.01,4083.82,5.14
2026-06-27 23:50:00+00:00,4083.82,4083.97,4083.82,4083.96,0.96
2026-06-27 23:55:00+00:00,4083.96,4083.97,4083.96,4083.97,0.17
2026-06-28 00:00:00+00:00,4083.97,4085.23,4083.96,4084.64,4.85
2026-06-28 00:05:00+00:00,4084.64,4085.11,4084.64,4085.11,8.24
2026-06-28 00:10:00+00:00,4085.11,4086.82,4085.11,4086.69,0.93
2026-06-28 00:15:00+00:00,4086.69,4087.63,4086.2,4086.2,17.69
2026-06-28 00:20:00+00:00,4086.2,4086.32,4085.46,4085.62,5.81
2026-06-28 00:25:00+00:00,4085.62,4086.56,4085.62,4086.0,3.39
2026-06-28 00:30:00+00:00,4086.0,4086.34,4085.35,4085.35,5.04
2026-06-28 00:35:00+00:00,4085.35,4085.41,4084.61,4084.85,6.35
2026-06-28 00:40:00+00:00,4084.85,4084.91,4084.33,4084.75,9.29
2026-06-28 00:45:00+00:00,4084.75,4085.11,4084.5,4085.08,8.92
2026-06-28 00:50:00+00:00,4085.08,4085.08,4084.2,4084.33,5.51
2026-06-28 00:55:00+00:00,4084.33,4086.11,4084.33,4085.97,3.9
2026-06-28 01:00:00+00:00,4085.97,4086.47,4085.97,4086.47,3.07
2026-06-28 01:05:00+00:00,4086.47,4086.47,4084.74,4085.88,3.34
2026-06-28 01:10:00+00:00,4085.88,4086.45,4085.73,4086.45,0.81
2026-06-28 01:15:00+00:00,4086.45,4086.45,4084.97,4086.35,3.89
2026-06-28 01:20:00+00:00,4086.35,4087.77,4086.04,4087.45,6.37
2026-06-28 01:25:00+00:00,4087.45,4087.66,4086.7,4087.66,33.92
2026-06-28 01:30:00+00:00,4087.66,4087.66,4087.62,4087.66,1.61
2026-06-28 01:35:00+00:00,4087.66,4088.47,4086.65,4087.32,7.16
2026-06-28 01:40:00+00:00,4087.32,4087.87,4087.13,4087.87,3.29
2026-06-28 01:45:00+00:00,4087.87,4087.87,4087.5,4087.59,0.77
2026-06-28 01:50:00+00:00,4087.59,4088.33,4087.5,4088.33,3.85
2026-06-28 01:55:00+00:00,4088.33,4088.33,4087.51,4087.89,1.17
2026-06-28 02:00:00+00:00,4087.89,4088.32,4087.89,4088.12,2.17
2026-06-28 02:05:00+00:00,4088.12,4088.12,4087.39,4087.57,1.33
2026-06-28 02:10:00+00:00,4087.57,4087.88,4087.25,4087.25,3.16
2026-06-28 02:15:00+00:00,4087.25,4087.87,4087.25,4087.37,2.07
2026-06-28 02:20:00+00:00,4087.37,4087.58,4086.56,4087.28,9.28
2026-06-28 02:25:00+00:00,4087.28,4087.31,4086.32,4086.32,8.06
2026-06-28 02:30:00+00:00,4086.32,4087.11,4086.32,4086.77,5.64
2026-06-28 02:35:00+00:00,4086.77,4086.78,4086.77,4086.78,1.25
2026-06-28 02:40:00+00:00,4086.78,4086.78,4086.49,4086.49,1.66
2026-06-28 02:45:00+00:00,4086.49,4086.87,4086.49,4086.77,4.88
2026-06-28 02:50:00+00:00,4086.77,4086.78,4086.77,4086.77,0.77
2026-06-28 02:55:00+00:00,4086.77,4086.78,4086.77,4086.78,0.12
2026-06-28 03:00:00+00:00,4086.78,4087.15,4086.77,4087.02,1.83
2026-06-28 03:05:00+00:00,4087.02,4087.02,4086.78,4086.79,0.32
2026-06-28 03:10:00+00:00,4086.79,4086.79,4086.64,4086.78,5.0
2026-06-28 03:15:00+00:00,4086.78,4086.78,4086.23,4086.49,4.16
2026-06-28 03:20:00+00:00,4086.49,4086.49,4086.11,4086.48,2.78
2026-06-28 03:25:00+00:00,4086.48,4086.48,4086.47,4086.48,0.58
2026-06-28 03:30:00+00:00,4086.48,4086.48,4086.09,4086.09,5.48
2026-06-28 03:35:00+00:00,4086.09,4086.65,4086.08,4086.65,4.89
2026-06-28 03:40:00+00:00,4086.65,4086.65,4084.6,4084.6,10.68
2026-06-28 03:45:00+00:00,4084.6,4084.6,4083.7,4083.7,13.55
2026-06-28 03:50:00+00:00,4083.7,4083.7,4083.7,4083.7,0.0
2026-06-28 03:55:00+00:00,4083.7,4084.13,4083.43,4084.13,16.59
2026-06-28 04:00:00+00:00,4084.13,4084.13,4083.54,4083.63,1.21
2026-06-28 04:05:00+00:00,4083.63,4083.84,4083.52,4083.84,3.43
2026-06-28 04:10:00+00:00,4083.84,4085.57,4083.84,4084.96,2.72
2026-06-28 04:15:00+00:00,4084.96,4085.25,4084.86,4085.05,0.49
2026-06-28 04:20:00+00:00,4085.05,4085.05,4085.05,4085.05,0.38
2026-06-28 04:25:00+00:00,4085.05,4085.55,4085.05,4085.12,7.0
2026-06-28 04:30:00+00:00,4085.12,4085.46,4084.67,4084.89,3.99
2026-06-28 04:35:00+00:00,4084.89,4085.22,4084.68,4085.2,0.69
2026-06-28 04:40:00+00:00,4085.2,4085.45,4084.86,4085.28,1.27
2026-06-28 04:45:00+00:00,4085.28,4085.57,4085.17,4085.57,1.44
2026-06-28 04:50:00+00:00,4085.57,4085.57,4084.53,4084.57,4.38
2026-06-28 04:55:00+00:00,4084.57,4084.57,4084.07,4084.08,5.06
2026-06-28 05:00:00+00:00,4084.08,4084.52,4084.0,4084.0,2.88
2026-06-28 05:05:00+00:00,4084.0,4084.88,4083.68,4084.61,4.42
2026-06-28 05:10:00+00:00,4084.61,4085.59,4084.43,4084.43,39.33
2026-06-28 05:15:00+00:00,4084.43,4084.43,4083.84,4084.08,1.02
2026-06-28 05:20:00+00:00,4084.08,4084.38,4083.84,4084.37,2.26
2026-06-28 05:25:00+00:00,4084.37,4084.37,4082.94,4083.24,12.2
2026-06-28 05:30:00+00:00,4083.24,4083.36,4082.89,4083.18,11.29
2026-06-28 05:35:00+00:00,4083.18,4083.19,4082.2,4082.63,6.23
2026-06-28 05:40:00+00:00,4082.63,4082.9,4082.19,4082.86,1.64
2026-06-28 05:45:00+00:00,4082.86,4083.56,4082.6,4083.21,15.94
2026-06-28 05:50:00+00:00,4083.21,4083.21,4083.2,4083.2,0.66
2026-06-28 05:55:00+00:00,4083.2,4084.3,4083.2,4084.29,4.52
2026-06-28 06:00:00+00:00,4084.29,4085.26,4084.29,4085.26,2.11
2026-06-28 06:05:00+00:00,4085.26,4086.07,4085.26,4085.52,7.2
2026-06-28 06:10:00+00:00,4085.52,4085.52,4084.52,4084.53,6.54
2026-06-28 06:15:00+00:00,4084.53,4084.91,4084.02,4084.89,6.52
2026-06-28 06:20:00+00:00,4084.89,4084.89,4084.7,4084.7,1.79
2026-06-28 06:25:00+00:00,4084.7,4084.71,4084.7,4084.7,0.62
2026-06-28 06:30:00+00:00,4084.7,4084.7,4084.05,4084.44,3.8
2026-06-28 06:35:00+00:00,4084.44,4084.44,4084.27,4084.43,7.53
2026-06-28 06:40:00+00:00,4084.43,4084.89,4084.43,4084.71,5.05
2026-06-28 06:45:00+00:00,4084.71,4084.71,4084.53,4084.7,0.31
2026-06-28 06:50:00+00:00,4084.7,4084.7,4083.94,4084.11,3.66
2026-06-28 06:55:00+00:00,4084.11,4084.11,4082.56,4083.35,10.9
2026-06-28 07:00:00+00:00,4083.35,4084.05,4083.35,4083.52,4.5
2026-06-28 07:05:00+00:00,4083.52,4083.52,4083.07,4083.34,1.41
2026-06-28 07:10:00+00:00,4083.34,4084.04,4083.34,4084.04,1.68
2026-06-28 07:15:00+00:00,4084.04,4085.41,4083.33,4085.41,10.27
2026-06-28 07:20:00+00:00,4085.41,4085.41,4083.2,4083.2,10.8
2026-06-28 07:25:00+00:00,4083.2,4083.74,4083.14,4083.74,0.98
2026-06-28 07:30:00+00:00,4083.74,4084.49,4083.74,4084.48,4.74
2026-06-28 07:35:00+00:00,4084.48,4085.16,4084.48,4085.15,2.87
2026-06-28 07:40:00+00:00,4085.15,4085.26,4084.94,4085.26,2.29
2026-06-28 07:45:00+00:00,4085.26,4085.26,4085.25,4085.26,0.63
2026-06-28 07:50:00+00:00,4085.26,4085.26,4084.28,4084.77,0.8
2026-06-28 07:55:00+00:00,4084.77,4085.58,4084.77,4085.58,12.28
2026-06-28 08:00:00+00:00,4085.58,4086.2,4085.46,4085.46,12.71
2026-06-28 08:05:00+00:00,4085.46,4085.47,4085.46,4085.46,0.96
2026-06-28 08:10:00+00:00,4085.46,4085.47,4085.46,4085.47,17.47
2026-06-28 08:15:00+00:00,4085.47,4085.47,4084.79,4085.09,11.63
2026-06-28 08:20:00+00:00,4085.09,4085.79,4084.97,4085.27,17.46
2026-06-28 08:25:00+00:00,4085.27,4085.99,4085.26,4085.74,35.95
2026-06-28 08:30:00+00:00,4085.74,4085.75,4085.74,4085.74,0.5
2026-06-28 08:35:00+00:00,4085.74,4086.22,4085.73,4086.21,14.09
2026-06-28 08:40:00+00:00,4086.21,4086.22,4086.2,4086.2,6.09
2026-06-28 08:45:00+00:00,4086.2,4086.99,4086.2,4086.99,15.34
2026-06-28 08:50:00+00:00,4086.99,4087.17,4086.88,4087.04,7.56
2026-06-28 08:55:00+00:00,4087.04,4087.18,4087.04,4087.17,3.6
2026-06-28 09:00:00+00:00,4087.17,4087.18,4086.87,4087.16,3.48
2026-06-28 09:05:00+00:00,4087.16,4087.32,4086.58,4086.88,2.95
2026-06-28 09:10:00+00:00,4086.88,4088.35,4086.88,4087.22,26.8
2026-06-28 09:15:00+00:00,4087.22,4087.52,4086.9,4086.9,3.1
2026-06-28 09:20:00+00:00,4086.9,4086.91,4086.9,4086.9,1.31
2026-06-28 09:25:00+00:00,4086.9,4087.51,4086.9,4087.51,4.36
2026-06-28 09:30:00+00:00,4087.51,4087.81,4087.22,4087.22,3.63
2026-06-28 09:35:00+00:00,4087.22,4087.48,4087.22,4087.48,1.16
2026-06-28 09:40:00+00:00,4087.48,4087.51,4087.48,4087.5,7.57
2026-06-28 09:45:00+00:00,4087.5,4087.75,4087.5,4087.74,3.65
2026-06-28 09:50:00+00:00,4087.74,4088.0,4087.52,4088.0,11.77
2026-06-28 09:55:00+00:00,4088.0,4088.81,4088.0,4088.81,6.9
2026-06-28 10:00:00+00:00,4088.81,4089.28,4088.31,4088.96,14.1
2026-06-28 10:05:00+00:00,4088.96,4089.86,4088.81,4089.85,21.29
2026-06-28 10:10:00+00:00,4089.85,4089.85,4088.1,4088.39,9.43
2026-06-28 10:15:00+00:00,4088.39,4088.96,4088.39,4088.39,11.68
2026-06-28 10:20:00+00:00,4088.39,4088.39,4087.21,4087.21,1.43
2026-06-28 10:25:00+00:00,4087.21,4087.62,4087.21,4087.43,1.43
2026-06-28 10:30:00+00:00,4087.43,4087.44,4087.43,4087.43,2.17
2026-06-28 10:35:00+00:00,4087.43,4087.78,4087.4,4087.43,5.24
2026-06-28 10:40:00+00:00,4087.43,4087.43,4086.33,4086.56,2.0
2026-06-28 10:45:00+00:00,4086.56,4086.57,4085.99,4085.99,11.26
2026-06-28 10:50:00+00:00,4085.99,4086.86,4085.99,4086.86,2.55
2026-06-28 10:55:00+00:00,4086.86,4086.86,4086.2,4086.21,1.45
2026-06-28 11:00:00+00:00,4086.21,4086.21,4084.95,4085.48,9.2
2026-06-28 11:05:00+00:00,4085.48,4085.55,4085.29,4085.55,5.94
2026-06-28 11:10:00+00:00,4085.55,4085.58,4084.9,4085.11,4.89
2026-06-28 11:15:00+00:00,4085.11,4085.11,4083.74,4084.97,76.72
2026-06-28 11:20:00+00:00,4084.97,4085.72,4084.97,4085.33,5.54
2026-06-28 11:25:00+00:00,4085.33,4086.15,4084.96,4084.96,10.34
2026-06-28 11:30:00+00:00,4084.96,4084.96,4084.69,4084.82,6.92
2026-06-28 11:35:00+00:00,4084.82,4085.3,4084.82,4085.3,7.19
2026-06-28 11:40:00+00:00,4085.3,4085.3,4084.94,4084.94,0.18
2026-06-28 11:45:00+00:00,4084.94,4085.11,4084.32,4084.93,9.53
2026-06-28 11:50:00+00:00,4084.93,4084.93,4084.32,4084.68,24.64
2026-06-28 11:55:00+00:00,4084.68,4084.74,4083.93,4084.31,17.1
2026-06-28 12:00:00+00:00,4084.31,4084.5,4084.31,4084.5,14.47
2026-06-28 12:05:00+00:00,4084.5,4084.67,4084.5,4084.65,21.03
2026-06-28 12:10:00+00:00,4084.65,4085.25,4084.65,4085.23,6.58
2026-06-28 12:15:00+00:00,4085.23,4086.53,4084.89,4085.81,95.46
2026-06-28 12:20:00+00:00,4085.81,4086.47,4085.68,4086.37,3.48
2026-06-28 12:25:00+00:00,4086.37,4087.04,4086.37,4087.04,2.22
2026-06-28 12:30:00+00:00,4087.04,4087.49,4086.68,4087.03,7.98
2026-06-28 12:35:00+00:00,4087.03,4087.03,4086.1,4086.27,9.01
2026-06-28 12:40:00+00:00,4086.27,4086.45,4085.81,4086.45,0.32
2026-06-28 12:45:00+00:00,4086.45,4086.45,4086.05,4086.45,0.31
2026-06-28 12:50:00+00:00,4086.45,4086.45,4086.05,4086.05,1.72
2026-06-28 12:55:00+00:00,4086.05,4086.45,4086.05,4086.44,0.75
2026-06-28 13:00:00+00:00,4086.44,4086.45,4086.04,4086.04,4.16
2026-06-28 13:05:00+00:00,4086.04,4086.04,4085.01,4085.62,25.41
2026-06-28 13:10:00+00:00,4085.62,4085.62,4085.01,4085.04,0.83
2026-06-28 13:15:00+00:00,4085.04,4085.62,4085.04,4085.62,0.55
2026-06-28 13:20:00+00:00,4085.62,4085.62,4085.05,4085.62,2.97
2026-06-28 13:25:00+00:00,4085.62,4085.62,4084.61,4084.69,6.55
2026-06-28 13:30:00+00:00,4084.69,4084.94,4084.61,4084.94,5.06
2026-06-28 13:35:00+00:00,4084.94,4086.03,4084.84,4085.72,25.11
2026-06-28 13:40:00+00:00,4085.72,4086.02,4085.45,4085.97,10.42
2026-06-28 13:45:00+00:00,4085.97,4086.99,4085.97,4086.58,3.68
2026-06-28 13:50:00+00:00,4086.58,4086.58,4086.58,4086.58,0.28
2026-06-28 13:55:00+00:00,4086.58,4086.58,4086.48,4086.48,6.14
2026-06-28 14:00:00+00:00,4086.48,4086.58,4086.37,4086.58,1.86
2026-06-28 14:05:00+00:00,4086.58,4086.58,4085.8,4085.99,2.87
2026-06-28 14:10:00+00:00,4085.99,4086.14,4085.52,4085.9,8.7
2026-06-28 14:15:00+00:00,4085.9,4085.98,4085.53,4085.98,3.09
2026-06-28 14:20:00+00:00,4085.98,4085.98,4085.78,4085.98,0.78
2026-06-28 14:25:00+00:00,4085.98,4085.98,4085.55,4085.55,0.21
2026-06-28 14:30:00+00:00,4085.55,4085.98,4085.55,4085.55,2.53
2026-06-28 14:35:00+00:00,4085.55,4085.75,4085.06,4085.06,7.19
2026-06-28 14:40:00+00:00,4085.06,4085.75,4083.39,4083.64,32.03
2026-06-28 14:45:00+00:00,4083.64,4083.65,4083.49,4083.64,2.83
2026-06-28 14:50:00+00:00,4083.64,4083.95,4083.49,4083.95,0.92
2026-06-28 14:55:00+00:00,4083.95,4083.95,4083.89,4083.89,0.33
2026-06-28 15:00:00+00:00,4083.89,4083.95,4083.89,4083.95,1.08
2026-06-28 15:05:00+00:00,4083.95,4084.34,4083.89,4084.1,17.05
2026-06-28 15:10:00+00:00,4084.1,4084.1,4084.07,4084.08,8.44
2026-06-28 15:15:00+00:00,4084.08,4084.28,4084.07,4084.28,11.41
2026-06-28 15:20:00+00:00,4084.28,4084.28,4084.21,4084.28,0.38
2026-06-28 15:25:00+00:00,4084.28,4084.28,4084.28,4084.28,1.19
2026-06-28 15:30:00+00:00,4084.28,4084.93,4084.25,4084.93,24.99
2026-06-28 15:35:00+00:00,4084.93,4085.8,4084.65,4084.67,19.71
2026-06-28 15:40:00+00:00,4084.67,4084.94,4084.67,4084.91,1.24
2026-06-28 15:45:00+00:00,4084.91,4084.91,4084.91,4084.91,0.37
2026-06-28 15:50:00+00:00,4084.91,4084.95,4084.71,4084.73,14.0
2026-06-28 15:55:00+00:00,4084.73,4084.9,4084.73,4084.9,2.72
2026-06-28 16:00:00+00:00,4084.9,4085.0,4084.9,4085.0,12.93
2026-06-28 16:05:00+00:00,4085.0,4085.0,4084.99,4084.99,1.75
2026-06-28 16:10:00+00:00,4084.99,4085.0,4084.99,4084.99,4.81
2026-06-28 16:15:00+00:00,4084.99,4085.1,4084.99,4085.06,15.56
2026-06-28 16:20:00+00:00,4085.06,4085.1,4085.06,4085.09,2.65
2026-06-28 16:25:00+00:00,4085.09,4085.1,4085.0,4085.0,6.78
2026-06-28 16:30:00+00:00,4085.0,4085.09,4084.72,4084.91,12.07
2026-06-28 16:35:00+00:00,4084.91,4085.17,4084.29,4084.77,5.98
2026-06-28 16:40:00+00:00,4084.77,4085.05,4084.77,4085.04,6.03
2026-06-28 16:45:00+00:00,4085.04,4085.04,4084.78,4084.78,1.22
2026-06-28 16:50:00+00:00,4084.78,4084.79,4084.78,4084.78,0.77
2026-06-28 16:55:00+00:00,4084.78,4084.78,4084.59,4084.78,2.1
2026-06-28 17:00:00+00:00,4084.78,4084.78,4084.22,4084.72,2.82
2026-06-28 17:05:00+00:00,4084.72,4085.16,4084.72,4085.16,2.29
2026-06-28 17:10:00+00:00,4085.16,4085.17,4084.48,4084.48,3.25
2026-06-28 17:15:00+00:00,4084.48,4084.56,4084.22,4084.56,14.92
2026-06-28 17:20:00+00:00,4084.56,4084.77,4084.56,4084.76,6.23
2026-06-28 17:25:00+00:00,4084.76,4084.89,4084.76,4084.88,0.79
2026-06-28 17:30:00+00:00,4084.88,4084.97,4084.61,4084.64,9.51
2026-06-28 17:35:00+00:00,4084.64,4085.16,4084.62,4085.16,21.55
2026-06-28 17:40:00+00:00,4085.16,4085.41,4085.15,4085.19,12.34
2026-06-28 17:45:00+00:00,4085.19,4085.41,4084.24,4085.38,132.71
2026-06-28 17:50:00+00:00,4085.38,4085.38,4084.58,4084.58,4.74
2026-06-28 17:55:00+00:00,4084.58,4087.31,4084.58,4087.17,25.14
2026-06-28 18:00:00+00:00,4087.17,4088.0,4086.41,4088.0,70.52
2026-06-28 18:05:00+00:00,4088.0,4088.6,4087.47,4087.9,14.4
2026-06-28 18:10:00+00:00,4087.9,4089.38,4087.9,4088.64,5.1
2026-06-28 18:15:00+00:00,4088.64,4088.84,4088.24,4088.78,6.3
2026-06-28 18:20:00+00:00,4088.78,4088.99,4088.63,4088.98,2.8
2026-06-28 18:25:00+00:00,4088.98,4089.15,4088.97,4088.97,4.0
2026-06-28 18:30:00+00:00,4088.97,4089.14,4088.97,4088.97,0.59
2026-06-28 18:35:00+00:00,4088.97,4089.15,4088.97,4089.14,2.87
2026-06-28 18:40:00+00:00,4089.14,4089.15,4088.63,4088.64,1.58
2026-06-28 18:45:00+00:00,4088.64,4089.08,4088.63,4089.07,7.18
2026-06-28 18:50:00+00:00,4089.07,4089.07,4088.87,4088.88,4.02
2026-06-28 18:55:00+00:00,4088.88,4088.88,4088.87,4088.87,0.13
2026-06-28 19:00:00+00:00,4088.87,4088.87,4088.64,4088.65,1.99
2026-06-28 19:05:00+00:00,4088.65,4088.85,4088.65,4088.84,0.16
2026-06-28 19:10:00+00:00,4088.84,4089.16,4088.66,4089.16,1.86
2026-06-28 19:15:00+00:00,4089.16,4089.16,4089.15,4089.16,1.62
2026-06-28 19:20:00+00:00,4089.16,4089.16,4089.06,4089.06,0.61
2026-06-28 19:25:00+00:00,4089.06,4089.57,4089.06,4089.57,2.29
2026-06-28 19:30:00+00:00,4089.57,4089.57,4089.35,4089.57,1.94
2026-06-28 19:35:00+00:00,4089.57,4089.57,4089.44,4089.44,2.03
2026-06-28 19:40:00+00:00,4089.44,4089.44,4088.86,4089.1,0.52
2026-06-28 19:45:00+00:00,4089.1,4089.39,4088.12,4088.39,17.22
2026-06-28 19:50:00+00:00,4088.39,4088.48,4087.12,4087.96,2.98
2026-06-28 19:55:00+00:00,4087.96,4089.81,4087.73,4089.38,26.03
2026-06-28 20:00:00+00:00,4089.38,4090.97,4089.38,4090.02,11.76
2026-06-28 20:05:00+00:00,4090.02,4090.29,4090.02,4090.03,2.96
2026-06-28 20:10:00+00:00,4090.03,4090.28,4089.59,4090.19,18.25
2026-06-28 20:15:00+00:00,4090.19,4090.97,4090.19,4090.53,8.23
2026-06-28 20:20:00+00:00,4090.53,4091.14,4090.52,4090.62,8.02
2026-06-28 20:25:00+00:00,4090.62,4091.92,4090.62,4091.91,16.71
2026-06-28 20:30:00+00:00,4091.91,4092.38,4091.91,4092.11,3.15
2026-06-28 20:35:00+00:00,4092.11,4092.37,4091.91,4092.37,38.74
2026-06-28 20:40:00+00:00,4092.37,4092.39,4092.0,4092.15,73.11
2026-06-28 20:45:00+00:00,4092.15,4092.22,4092.01,4092.2,41.97
2026-06-28 20:50:00+00:00,4092.2,4092.2,4092.14,4092.14,0.83
2026-06-28 20:55:00+00:00,4092.14,4092.29,4091.81,4091.99,6.04
2026-06-28 21:00:00+00:00,4091.99,4092.22,4091.87,4091.87,2.25
2026-06-28 21:05:00+00:00,4091.87,4091.88,4091.87,4091.87,2.67
2026-06-28 21:10:00+00:00,4091.87,4091.88,4090.78,4090.78,5.34
2026-06-28 21:15:00+00:00,4090.78,4090.78,4089.33,4089.93,9.84
2026-06-28 21:20:00+00:00,4089.93,4090.22,4089.93,4090.22,4.52
2026-06-28 21:25:00+00:00,4090.22,4093.3,4090.22,4092.56,12.16
2026-06-28 21:30:00+00:00,4092.56,4092.56,4092.11,4092.2,1.87
2026-06-28 21:35:00+00:00,4092.2,4092.4,4091.51,4091.87,1.15
2026-06-28 21:40:00+00:00,4091.87,4092.0,4090.73,4091.78,15.21
2026-06-28 21:45:00+00:00,4091.78,4092.21,4090.99,4091.05,17.79
2026-06-28 21:50:00+00:00,4091.05,4091.05,4086.43,4088.4,30.56
2026-06-28 21:55:00+00:00,4088.4,4090.78,4087.43,4089.15,36.88
2026-06-28 22:00:00+00:00,4089.15,4093.38,4078.31,4081.78,1228.44
2026-06-28 22:05:00+00:00,4081.78,4087.9,4078.31,4081.21,447.47
2026-06-28 22:10:00+00:00,4081.21,4082.77,4075.15,4075.38,367.41
2026-06-28 22:15:00+00:00,4075.38,4075.38,4058.51,4065.51,556.1
2026-06-28 22:20:00+00:00,4065.51,4068.58,4062.2,4065.34,171.77
2026-06-28 22:25:00+00:00,4065.34,4066.96,4062.42,4063.86,152.7
2026-06-28 22:30:00+00:00,4063.86,4068.61,4062.51,4063.8,142.86
2026-06-28 22:35:00+00:00,4063.8,4067.77,4062.1,4067.03,129.82
2026-06-28 22:40:00+00:00,4067.03,4071.3,4067.03,4069.06,134.28
2026-06-28 22:45:00+00:00,4069.06,4075.67,4069.05,4075.23,53.52
2026-06-28 22:50:00+00:00,4075.23,4075.23,4068.05,4070.4,103.02
2026-06-28 22:55:00+00:00,4070.4,4075.42,4070.14,4071.44,65.47
2026-06-28 23:00:00+00:00,4071.44,4076.08,4070.42,4074.72,241.34
2026-06-28 23:05:00+00:00,4074.72,4076.57,4071.68,4075.82,102.03
2026-06-28 23:10:00+00:00,4075.82,4076.39,4071.32,4071.61,81.63
2026-06-28 23:15:00+00:00,4071.61,4072.9,4065.35,4066.02,95.61
2026-06-28 23:20:00+00:00,4066.02,4066.74,4062.51,4063.55,81.24
2026-06-28 23:25:00+00:00,4063.55,4065.43,4061.82,4063.19,46.24
2026-06-28 23:30:00+00:00,4063.19,4063.6,4058.24,4062.67,124.43
2026-06-28 23:35:00+00:00,4062.67,4068.46,4062.38,4067.13,86.99
2026-06-28 23:40:00+00:00,4067.13,4068.83,4065.9,4068.83,49.35
2026-06-28 23:45:00+00:00,4068.83,4071.33,4067.15,4067.95,85.92
2026-06-28 23:50:00+00:00,4067.95,4071.93,4066.78,4070.26,35.0
2026-06-28 23:55:00+00:00,4070.26,4070.99,4068.28,4068.97,54.23
2026-06-29 00:00:00+00:00,4068.97,4070.96,4063.52,4068.5,230.81
2026-06-29 00:05:00+00:00,4068.5,4068.5,4060.07,4064.04,200.58
2026-06-29 00:10:00+00:00,4064.04,4066.77,4062.79,4064.64,107.9
2026-06-29 00:15:00+00:00,4064.64,4067.65,4063.01,4063.89,162.97
2026-06-29 00:20:00+00:00,4063.89,4064.11,4056.28,4058.13,193.02
2026-06-29 00:25:00+00:00,4058.13,4058.51,4053.9,4054.18,180.05
2026-06-29 00:30:00+00:00,4054.18,4061.01,4053.91,4059.27,148.34
2026-06-29 00:35:00+00:00,4059.27,4066.65,4059.27,4065.42,168.27
2026-06-29 00:40:00+00:00,4065.42,4074.99,4065.42,4074.9,147.29
2026-06-29 00:45:00+00:00,4074.9,4074.9,4068.79,4071.47,172.49
2026-06-29 00:50:00+00:00,4071.47,4074.74,4070.51,4074.74,76.16
2026-06-29 00:55:00+00:00,4074.74,4079.8,4073.59,4075.66,169.06
2026-06-29 01:00:00+00:00,4075.66,4075.92,4064.24,4070.11,344.52
2026-06-29 01:05:00+00:00,4070.11,4079.98,4066.18,4068.13,249.74
2026-06-29 01:10:00+00:00,4068.13,4070.16,4060.1,4061.19,208.42
2026-06-29 01:15:00+00:00,4061.19,4066.35,4060.97,4064.27,108.42
2026-06-29 01:20:00+00:00,4064.27,4069.17,4063.06,4067.22,108.12
2026-06-29 01:25:00+00:00,4067.22,4071.43,4064.71,4064.97,130.21
2026-06-29 01:30:00+00:00,4064.97,4066.3,4061.51,4065.78,96.34
2026-06-29 01:35:00+00:00,4065.78,4070.66,4064.94,4067.3,83.95
2026-06-29 01:40:00+00:00,4067.3,4072.83,4067.3,4068.91,105.98
2026-06-29 01:45:00+00:00,4068.91,4069.43,4061.01,4066.74,114.33
2026-06-29 01:50:00+00:00,4066.74,4067.42,4063.13,4066.89,105.44
2026-06-29 01:55:00+00:00,4066.89,4068.91,4065.47,4066.96,109.28
2026-06-29 02:00:00+00:00,4066.96,4075.91,4064.71,4071.11,194.24
2026-06-29 02:05:00+00:00,4071.11,4072.58,4065.41,4067.42,75.83
2026-06-29 02:10:00+00:00,4067.42,4071.86,4065.69,4066.63,97.92
2026-06-29 02:15:00+00:00,4066.63,4074.34,4066.12,4072.72,83.58
2026-06-29 02:20:00+00:00,4072.72,4075.65,4070.65,4073.36,60.99
2026-06-29 02:25:00+00:00,4073.36,4076.42,4072.32,4074.37,25.57
2026-06-29 02:30:00+00:00,4074.37,4077.69,4072.82,4074.12,173.69
2026-06-29 02:35:00+00:00,4074.12,4074.12,4066.04,4066.31,176.59
2026-06-29 02:40:00+00:00,4066.31,4069.27,4064.88,4065.91,85.29
2026-06-29 02:45:00+00:00,4065.91,4075.15,4065.5,4072.2,167.79
2026-06-29 02:50:00+00:00,4072.2,4074.97,4070.25,4073.31,104.04
2026-06-29 02:55:00+00:00,4073.31,4074.42,4070.88,4071.78,54.42
2026-06-29 03:00:00+00:00,4071.78,4073.02,4070.87,4071.69,61.6
2026-06-29 03:05:00+00:00,4071.69,4075.95,4071.32,4075.81,22.35
2026-06-29 03:10:00+00:00,4075.81,4076.53,4071.41,4075.34,70.14
2026-06-29 03:15:00+00:00,4075.34,4077.62,4073.83,4074.22,39.35
2026-06-29 03:20:00+00:00,4074.22,4081.92,4074.22,4080.54,80.98
2026-06-29 03:25:00+00:00,4080.54,4080.54,4077.05,4078.98,16.63
2026-06-29 03:30:00+00:00,4078.98,4079.59,4074.11,4075.83,61.58
2026-06-29 03:35:00+00:00,4075.83,4075.83,4071.68,4072.64,58.93
2026-06-29 03:40:00+00:00,4072.64,4077.04,4071.3,4074.03,70.39
2026-06-29 03:45:00+00:00,4074.03,4074.03,4072.56,4073.65,22.84
2026-06-29 03:50:00+00:00,4073.65,4078.18,4073.05,4076.31,41.2
2026-06-29 03:55:00+00:00,4076.31,4076.43,4074.0,4074.79,33.12
2026-06-29 04:00:00+00:00,4074.79,4074.79,4071.11,4073.3,90.84
2026-06-29 04:05:00+00:00,4073.3,4073.99,4071.02,4072.65,41.66
2026-06-29 04:10:00+00:00,4072.65,4072.91,4070.28,4071.61,20.83
2026-06-29 04:15:00+00:00,4071.61,4071.9,4068.55,4070.25,32.0
2026-06-29 04:20:00+00:00,4070.25,4070.73,4068.37,4070.18,29.44
2026-06-29 04:25:00+00:00,4070.18,4072.29,4069.73,4070.98,49.79
2026-06-29 04:30:00+00:00,4070.98,4071.66,4066.68,4067.14,91.77
2026-06-29 04:35:00+00:00,4067.14,4067.95,4061.5,4061.5,99.98
2026-06-29 04:40:00+00:00,4061.5,4063.9,4059.24,4063.49,125.52
2026-06-29 04:45:00+00:00,4063.49,4064.36,4061.91,4063.58,39.17
2026-06-29 04:50:00+00:00,4063.58,4063.58,4060.64,4060.64,18.65
2026-06-29 04:55:00+00:00,4060.64,4060.64,4056.11,4058.24,78.85
2026-06-29 05:00:00+00:00,4058.24,4060.52,4052.93,4060.33,111.37
2026-06-29 05:05:00+00:00,4060.33,4063.76,4056.93,4058.52,111.95
2026-06-29 05:10:00+00:00,4058.52,4062.22,4058.0,4061.87,47.05
2026-06-29 05:15:00+00:00,4061.87,4063.23,4059.91,4060.97,78.94
2026-06-29 05:20:00+00:00,4060.97,4062.68,4055.52,4056.22,50.7
2026-06-29 05:25:00+00:00,4056.22,4058.73,4054.25,4055.7,56.07
2026-06-29 05:30:00+00:00,4055.7,4056.17,4046.69,4051.99,528.22
2026-06-29 05:35:00+00:00,4051.99,4051.99,4045.54,4049.84,113.75
2026-06-29 05:40:00+00:00,4049.84,4057.9,4049.72,4056.39,110.93
2026-06-29 05:45:00+00:00,4056.39,4058.99,4055.18,4055.18,101.71
2026-06-29 05:50:00+00:00,4055.18,4061.02,4053.21,4059.4,97.2
2026-06-29 05:55:00+00:00,4059.4,4062.5,4058.6,4060.27,87.7
2026-06-29 06:00:00+00:00,4060.27,4065.9,4059.63,4064.46,247.88
2026-06-29 06:05:00+00:00,4064.46,4068.98,4063.25,4066.78,211.2
2026-06-29 06:10:00+00:00,4066.78,4067.02,4062.5,4064.76,62.7
2026-06-29 06:15:00+00:00,4064.76,4065.12,4062.77,4064.38,92.65
2026-06-29 06:20:00+00:00,4064.38,4065.09,4062.41,4063.01,45.75
2026-06-29 06:25:00+00:00,4063.01,4068.22,4061.31,4066.24,41.84
2026-06-29 06:30:00+00:00,4066.24,4066.42,4060.68,4061.95,74.27
2026-06-29 06:35:00+00:00,4061.95,4064.37,4060.28,4064.06,107.42
2026-06-29 06:40:00+00:00,4064.06,4067.59,4064.06,4066.56,69.9
2026-06-29 06:45:00+00:00,4066.56,4070.2,4065.64,4068.38,57.84
2026-06-29 06:50:00+00:00,4068.38,4070.29,4068.11,4068.63,22.81
2026-06-29 06:55:00+00:00,4068.63,4069.09,4067.58,4067.99,48.15
2026-06-29 07:00:00+00:00,4067.99,4068.23,4063.77,4066.27,74.39
2026-06-29 07:05:00+00:00,4066.27,4066.29,4063.68,4064.95,37.66
2026-06-29 07:10:00+00:00,4064.95,4066.75,4061.87,4064.97,31.94
2026-06-29 07:15:00+00:00,4064.97,4068.42,4063.81,4065.69,126.28
2026-06-29 07:20:00+00:00,4065.69,4068.29,4063.84,4068.29,38.2
2026-06-29 07:25:00+00:00,4068.29,4071.99,4066.39,4071.31,43.45
2026-06-29 07:30:00+00:00,4071.31,4071.56,4068.06,4068.63,73.01
2026-06-29 07:35:00+00:00,4068.63,4068.73,4066.62,4068.55,42.4
2026-06-29 07:40:00+00:00,4068.55,4070.5,4066.53,4068.22,37.1
2026-06-29 07:45:00+00:00,4068.22,4069.39,4066.19,4068.87,64.24
2026-06-29 07:50:00+00:00,4068.87,4073.4,4068.59,4069.74,89.57
2026-06-29 07:55:00+00:00,4069.74,4071.52,4066.32,4067.13,63.43
2026-06-29 08:00:00+00:00,4067.13,4069.6,4066.49,4068.14,92.56
2026-06-29 08:05:00+00:00,4068.14,4071.41,4067.66,4069.61,58.15
2026-06-29 08:10:00+00:00,4069.61,4069.61,4067.34,4069.02,28.56
2026-06-29 08:15:00+00:00,4069.02,4070.59,4067.37,4069.15,54.46
2026-06-29 08:20:00+00:00,4069.15,4069.29,4066.01,4066.45,31.32
2026-06-29 08:25:00+00:00,4066.45,4068.34,4065.45,4066.93,44.93
2026-06-29 08:30:00+00:00,4066.93,4071.52,4066.27,4068.88,74.0
2026-06-29 08:35:00+00:00,4068.88,4069.2,4065.6,4067.61,40.95
2026-06-29 08:40:00+00:00,4067.61,4067.82,4060.01,4061.04,117.83
2026-06-29 08:45:00+00:00,4061.04,4062.39,4058.86,4060.4,113.29
2026-06-29 08:50:00+00:00,4060.4,4060.58,4056.89,4057.23,123.62
2026-06-29 08:55:00+00:00,4057.23,4057.23,4048.95,4052.53,230.79
2026-06-29 09:00:00+00:00,4052.53,4055.99,4050.8,4055.16,185.13
2026-06-29 09:05:00+00:00,4055.16,4060.42,4054.87,4058.4,93.07
2026-06-29 09:10:00+00:00,4058.4,4059.0,4053.63,4055.42,106.92
2026-06-29 09:15:00+00:00,4055.42,4058.85,4054.45,4056.85,41.25
2026-06-29 09:20:00+00:00,4056.85,4056.85,4052.33,4053.46,68.52
2026-06-29 09:25:00+00:00,4053.46,4054.36,4051.11,4052.74,163.67
2026-06-29 09:30:00+00:00,4052.74,4055.94,4047.51,4051.21,359.41
2026-06-29 09:35:00+00:00,4051.21,4051.3,4047.14,4048.85,108.59
2026-06-29 09:40:00+00:00,4048.85,4049.95,4046.43,4049.16,72.32
2026-06-29 09:45:00+00:00,4049.16,4049.74,4043.56,4045.95,145.22
2026-06-29 09:50:00+00:00,4045.95,4046.0,4038.02,4039.54,593.02
2026-06-29 09:55:00+00:00,4039.54,4042.23,4030.6,4038.0,969.56
2026-06-29 10:00:00+00:00,4038.0,4039.45,4033.64,4035.76,262.16
2026-06-29 10:05:00+00:00,4035.76,4038.59,4035.45,4038.59,148.66
2026-06-29 10:10:00+00:00,4038.59,4045.6,4037.94,4044.36,271.87
2026-06-29 10:15:00+00:00,4044.36,4044.4,4039.01,4041.65,119.84
2026-06-29 10:20:00+00:00,4041.65,4044.2,4040.57,4043.26,73.55
2026-06-29 10:25:00+00:00,4043.26,4044.46,4042.44,4042.99,61.96
2026-06-29 10:30:00+00:00,4042.99,4043.94,4037.7,4038.99,155.41
2026-06-29 10:35:00+00:00,4038.99,4044.43,4037.68,4044.22,115.01
2026-06-29 10:40:00+00:00,4044.22,4044.22,4039.38,4040.4,108.99
2026-06-29 10:45:00+00:00,4040.4,4041.19,4038.2,4040.44,108.57
2026-06-29 10:50:00+00:00,4040.44,4043.99,4039.61,4043.56,99.3
2026-06-29 10:55:00+00:00,4043.56,4043.61,4040.8,4042.7,43.21
2026-06-29 11:00:00+00:00,4042.7,4043.8,4040.79,4041.74,64.07
2026-06-29 11:05:00+00:00,4041.74,4043.38,4040.74,4042.61,54.73
2026-06-29 11:10:00+00:00,4042.61,4042.61,4038.24,4040.0,73.21
2026-06-29 11:15:00+00:00,4040.0,4041.66,4039.09,4039.67,48.23
2026-06-29 11:20:00+00:00,4039.67,4040.4,4035.01,4035.02,132.22
2026-06-29 11:25:00+00:00,4035.02,4038.12,4033.27,4038.07,122.37
2026-06-29 11:30:00+00:00,4038.07,4044.28,4035.74,4040.34,640.71
2026-06-29 11:35:00+00:00,4040.34,4041.64,4037.56,4037.89,42.53
2026-06-29 11:40:00+00:00,4037.89,4042.0,4037.57,4040.65,95.45
2026-06-29 11:45:00+00:00,4040.65,4043.9,4040.65,4041.8,164.62
2026-06-29 11:50:00+00:00,4041.8,4044.67,4041.47,4043.71,44.41
2026-06-29 11:55:00+00:00,4043.71,4048.38,4042.97,4045.61,84.0
2026-06-29 12:00:00+00:00,4045.61,4053.27,4044.54,4051.18,299.7
2026-06-29 12:05:00+00:00,4051.18,4053.56,4049.37,4052.91,138.89
2026-06-29 12:10:00+00:00,4052.91,4057.62,4052.91,4053.35,151.81
2026-06-29 12:15:00+00:00,4053.35,4055.64,4049.57,4049.57,82.05
2026-06-29 12:20:00+00:00,4049.57,4051.59,4043.62,4045.13,141.92
2026-06-29 12:25:00+00:00,4045.13,4046.79,4043.76,4044.56,95.52
2026-06-29 12:30:00+00:00,4044.56,4050.25,4043.99,4049.5,146.21
2026-06-29 12:35:00+00:00,4049.5,4053.69,4048.64,4049.5,113.01
2026-06-29 12:40:00+00:00,4049.5,4051.99,4047.32,4050.57,74.94
2026-06-29 12:45:00+00:00,4050.57,4053.05,4048.82,4048.83,99.84
2026-06-29 12:50:00+00:00,4048.83,4054.21,4048.83,4050.62,151.38
2026-06-29 12:55:00+00:00,4050.62,4051.05,4048.26,4049.1,89.3
2026-06-29 13:00:00+00:00,4049.1,4056.99,4048.48,4056.28,167.79
2026-06-29 13:05:00+00:00,4056.28,4057.0,4051.6,4051.84,133.41
2026-06-29 13:10:00+00:00,4051.84,4055.95,4050.41,4053.47,128.94
2026-06-29 13:15:00+00:00,4053.47,4055.69,4052.36,4055.3,58.78
2026-06-29 13:20:00+00:00,4055.3,4055.3,4049.46,4049.87,90.75
2026-06-29 13:25:00+00:00,4049.87,4049.87,4044.49,4044.77,100.88
2026-06-29 13:30:00+00:00,4044.77,4050.46,4042.87,4048.57,247.41
2026-06-29 13:35:00+00:00,4048.57,4049.71,4040.0,4041.8,252.35
2026-06-29 13:40:00+00:00,4041.8,4047.54,4041.02,4044.17,240.3
2026-06-29 13:45:00+00:00,4044.17,4045.88,4039.17,4040.59,130.68
2026-06-29 13:50:00+00:00,4040.59,4041.92,4036.43,4037.79,109.53
2026-06-29 13:55:00+00:00,4037.79,4039.13,4034.16,4037.98,210.02
2026-06-29 14:00:00+00:00,4037.98,4041.16,4028.63,4032.7,425.83
2026-06-29 14:05:00+00:00,4032.7,4033.54,4020.0,4020.58,791.69
2026-06-29 14:10:00+00:00,4020.58,4023.22,4014.17,4014.82,639.7
2026-06-29 14:15:00+00:00,4014.82,4024.18,4005.19,4023.42,1224.87
2026-06-29 14:20:00+00:00,4023.42,4026.51,4021.03,4026.17,299.93
2026-06-29 14:25:00+00:00,4026.17,4034.43,4026.11,4030.84,435.55
2026-06-29 14:30:00+00:00,4030.84,4034.21,4029.83,4033.47,93.99
2026-06-29 14:35:00+00:00,4033.47,4034.14,4027.61,4029.71,177.94
2026-06-29 14:40:00+00:00,4029.71,4029.98,4025.73,4026.66,113.98
2026-06-29 14:45:00+00:00,4026.66,4028.86,4023.16,4025.14,222.0
2026-06-29 14:50:00+00:00,4025.14,4032.82,4024.62,4031.97,109.82
2026-06-29 14:55:00+00:00,4031.97,4036.22,4029.83,4031.77,161.68
2026-06-29 15:00:00+00:00,4031.77,4032.0,4026.78,4027.16,71.8
2026-06-29 15:05:00+00:00,4027.16,4030.4,4026.6,4028.46,70.94
2026-06-29 15:10:00+00:00,4028.46,4029.86,4024.95,4027.53,89.15
2026-06-29 15:15:00+00:00,4027.53,4032.98,4026.68,4028.2,225.17
2026-06-29 15:20:00+00:00,4028.2,4028.2,4022.39,4023.82,171.43
2026-06-29 15:25:00+00:00,4023.82,4030.83,4023.63,4030.42,161.56
2026-06-29 15:30:00+00:00,4030.42,4032.41,4029.16,4029.2,174.03
2026-06-29 15:35:00+00:00,4029.2,4030.64,4023.56,4029.48,191.44
2026-06-29 15:40:00+00:00,4029.48,4029.7,4027.76,4028.82,46.15
2026-06-29 15:45:00+00:00,4028.82,4034.34,4028.72,4033.59,132.95
2026-06-29 15:50:00+00:00,4033.59,4036.06,4031.79,4034.41,93.94
2026-06-29 15:55:00+00:00,4034.41,4036.64,4032.66,4033.01,59.87
2026-06-29 16:00:00+00:00,4033.01,4034.6,4031.29,4032.85,79.69
2026-06-29 16:05:00+00:00,4032.85,4033.87,4030.69,4033.87,100.45
2026-06-29 16:10:00+00:00,4033.87,4034.11,4029.81,4030.15,41.36
2026-06-29 16:15:00+00:00,4030.15,4031.83,4028.15,4031.28,164.56
2026-06-29 16:20:00+00:00,4031.28,4032.32,4030.59,4031.68,33.0
2026-06-29 16:25:00+00:00,4031.68,4031.68,4028.95,4028.96,26.43
2026-06-29 16:30:00+00:00,4028.96,4030.2,4024.52,4025.08,56.57
2026-06-29 16:35:00+00:00,4025.08,4027.47,4025.08,4027.16,35.07
2026-06-29 16:40:00+00:00,4027.16,4028.0,4025.54,4026.63,31.61
2026-06-29 16:45:00+00:00,4026.63,4032.12,4026.63,4031.97,39.44
2026-06-29 16:50:00+00:00,4031.97,4034.08,4030.76,4031.5,168.07
2026-06-29 16:55:00+00:00,4031.5,4032.38,4029.46,4029.71,45.87
2026-06-29 17:00:00+00:00,4029.71,4031.65,4029.47,4031.25,50.5
2026-06-29 17:05:00+00:00,4031.25,4037.76,4031.12,4036.77,49.79
2026-06-29 17:10:00+00:00,4036.77,4038.09,4034.18,4034.85,137.23
2026-06-29 17:15:00+00:00,4034.85,4036.93,4034.7,4036.53,117.13
2026-06-29 17:20:00+00:00,4036.53,4036.53,4032.32,4033.28,79.84
2026-06-29 17:25:00+00:00,4033.28,4033.28,4028.8,4029.69,100.47
2026-06-29 17:30:00+00:00,4029.69,4030.13,4027.29,4029.89,50.48
2026-06-29 17:35:00+00:00,4029.89,4030.84,4028.71,4030.36,58.75
2026-06-29 17:40:00+00:00,4030.36,4030.6,4027.99,4028.82,11.26
2026-06-29 17:45:00+00:00,4028.82,4028.82,4026.84,4027.49,30.57
2026-06-29 17:50:00+00:00,4027.49,4028.76,4025.97,4028.09,26.19
2026-06-29 17:55:00+00:00,4028.09,4028.22,4025.5,4026.72,27.62
2026-06-29 18:00:00+00:00,4026.72,4030.63,4026.68,4030.39,40.87
2026-06-29 18:05:00+00:00,4030.39,4030.39,4028.47,4029.25,55.93
2026-06-29 18:10:00+00:00,4029.25,4030.5,4029.15,4030.09,78.72
2026-06-29 18:15:00+00:00,4030.09,4031.39,4028.9,4031.2,21.12
2026-06-29 18:20:00+00:00,4031.2,4031.53,4029.96,4030.41,12.95
2026-06-29 18:25:00+00:00,4030.41,4030.49,4026.63,4026.87,38.08
2026-06-29 18:30:00+00:00,4026.87,4027.74,4026.45,4026.78,12.25
2026-06-29 18:35:00+00:00,4026.78,4027.4,4025.95,4026.47,11.39
2026-06-29 18:40:00+00:00,4026.47,4027.4,4025.72,4027.01,13.44
2026-06-29 18:45:00+00:00,4027.01,4027.23,4021.74,4021.74,88.18
2026-06-29 18:50:00+00:00,4021.74,4024.04,4021.74,4024.03,29.5
2026-06-29 18:55:00+00:00,4024.03,4024.03,4018.12,4019.09,79.24
2026-06-29 19:00:00+00:00,4019.09,4020.44,4016.67,4016.67,161.83
2026-06-29 19:05:00+00:00,4016.67,4018.24,4016.45,4017.99,107.62
2026-06-29 19:10:00+00:00,4017.99,4018.63,4014.52,4015.1,117.55
2026-06-29 19:15:00+00:00,4015.1,4015.67,4011.73,4015.55,77.46
2026-06-29 19:20:00+00:00,4015.55,4019.32,4015.53,4018.8,117.43
2026-06-29 19:25:00+00:00,4018.8,4023.62,4018.66,4023.62,38.59
2026-06-29 19:30:00+00:00,4023.62,4026.49,4023.62,4024.17,27.85
2026-06-29 19:35:00+00:00,4024.17,4025.45,4023.17,4023.81,16.86
2026-06-29 19:40:00+00:00,4023.81,4024.28,4022.92,4024.28,28.41
2026-06-29 19:45:00+00:00,4024.28,4024.68,4021.11,4021.43,29.36
2026-06-29 19:50:00+00:00,4021.43,4021.6,4019.39,4019.77,44.72
2026-06-29 19:55:00+00:00,4019.77,4023.02,4019.1,4022.32,29.96
2026-06-29 20:00:00+00:00,4022.32,4022.57,4020.98,4021.96,38.07
2026-06-29 20:05:00+00:00,4021.96,4022.34,4019.66,4020.53,16.33
2026-06-29 20:10:00+00:00,4020.53,4021.41,4020.53,4021.12,15.46
2026-06-29 20:15:00+00:00,4021.12,4023.9,4021.12,4023.9,21.19
2026-06-29 20:20:00+00:00,4023.9,4023.99,4023.45,4023.74,6.8
2026-06-29 20:25:00+00:00,4023.74,4025.54,4023.59,4025.06,24.69
2026-06-29 20:30:00+00:00,4025.06,4025.26,4023.58,4024.43,13.46
2026-06-29 20:35:00+00:00,4024.43,4024.48,4022.12,4022.44,14.64
2026-06-29 20:40:00+00:00,4022.44,4022.75,4021.74,4022.44,2.52
2026-06-29 20:45:00+00:00,4022.44,4022.75,4021.31,4021.54,5.03
2026-06-29 20:50:00+00:00,4021.54,4024.12,4021.54,4023.46,30.14
2026-06-29 20:55:00+00:00,4023.46,4024.16,4023.05,4023.05,16.52
2026-06-29 21:00:00+00:00,4023.05,4024.41,4022.67,4023.34,11.55
2026-06-29 21:05:00+00:00,4023.34,4024.29,4023.08,4023.95,14.1
2026-06-29 21:10:00+00:00,4023.95,4025.44,4023.95,4025.44,19.78
2026-06-29 21:15:00+00:00,4025.44,4025.44,4025.37,4025.37,1.99
2026-06-29 21:20:00+00:00,4025.37,4028.23,4023.99,4024.33,101.09
2026-06-29 21:25:00+00:00,4024.33,4024.77,4023.96,4024.11,10.2
2026-06-29 21:30:00+00:00,4024.11,4025.71,4024.11,4024.8,18.91
2026-06-29 21:35:00+00:00,4024.8,4027.22,4024.8,4026.96,4.77
2026-06-29 21:40:00+00:00,4026.96,4030.0,4026.43,4028.55,20.92
2026-06-29 21:45:00+00:00,4028.55,4028.92,4028.12,4028.3,1.89
2026-06-29 21:50:00+00:00,4028.3,4028.31,4028.22,4028.22,0.84
2026-06-29 21:55:00+00:00,4028.22,4028.3,4026.36,4026.36,59.78
2026-06-29 22:00:00+00:00,4026.36,4027.34,4023.8,4025.21,43.79
2026-06-29 22:05:00+00:00,4025.21,4027.87,4023.01,4027.43,60.27
2026-06-29 22:10:00+00:00,4027.43,4029.03,4024.15,4024.55,45.27
2026-06-29 22:15:00+00:00,4024.55,4026.33,4024.33,4026.07,37.93
2026-06-29 22:20:00+00:00,4026.07,4026.83,4024.2,4024.2,45.09
2026-06-29 22:25:00+00:00,4024.2,4024.2,4021.79,4022.5,59.22
2026-06-29 22:30:00+00:00,4022.5,4022.5,4020.02,4020.14,48.94
2026-06-29 22:35:00+00:00,4020.14,4020.94,4018.68,4019.18,48.49
2026-06-29 22:40:00+00:00,4019.18,4020.65,4016.67,4016.67,70.75
2026-06-29 22:45:00+00:00,4016.67,4019.95,4015.77,4019.69,69.92
2026-06-29 22:50:00+00:00,4019.69,4022.53,4019.36,4021.02,62.06
2026-06-29 22:55:00+00:00,4021.02,4022.69,4019.22,4020.28,38.95
2026-06-29 23:00:00+00:00,4020.28,4024.66,4020.28,4024.62,44.62
2026-06-29 23:05:00+00:00,4024.62,4027.74,4023.94,4025.52,30.34
2026-06-29 23:10:00+00:00,4025.52,4027.5,4025.52,4026.84,36.5
2026-06-29 23:15:00+00:00,4026.84,4028.22,4026.69,4026.8,28.36
2026-06-29 23:20:00+00:00,4026.8,4027.29,4023.69,4024.4,73.28
2026-06-29 23:25:00+00:00,4024.4,4024.5,4022.05,4022.94,38.5
2026-06-29 23:30:00+00:00,4022.94,4027.8,4021.26,4025.13,65.42
2026-06-29 23:35:00+00:00,4025.13,4025.82,4024.69,4025.5,135.45
2026-06-29 23:40:00+00:00,4025.5,4025.5,4020.43,4021.89,106.24
2026-06-29 23:45:00+00:00,4021.89,4024.16,4020.46,4023.51,46.97
2026-06-29 23:50:00+00:00,4023.51,4024.93,4021.84,4022.11,34.61
2026-06-29 23:55:00+00:00,4022.11,4022.5,4020.77,4022.15,29.99
2026-06-30 00:00:00+00:00,4022.15,4022.15,4014.64,4015.33,243.27
2026-06-30 00:05:00+00:00,4015.33,4015.33,4010.52,4011.03,218.58
2026-06-30 00:10:00+00:00,4011.03,4019.86,4011.03,4017.29,196.09
2026-06-30 00:15:00+00:00,4017.29,4017.29,4011.0,4012.57,130.96
2026-06-30 00:20:00+00:00,4012.57,4015.44,4011.97,4014.33,102.42
2026-06-30 00:25:00+00:00,4014.33,4014.77,4010.57,4012.57,220.89
2026-06-30 00:30:00+00:00,4012.57,4012.99,4007.37,4008.22,187.85
2026-06-30 00:35:00+00:00,4008.22,4008.85,4001.87,4002.46,355.5
2026-06-30 00:40:00+00:00,4002.46,4004.55,3997.63,3998.27,362.71
2026-06-30 00:45:00+00:00,3998.27,4000.94,3997.15,3999.56,120.36
2026-06-30 00:50:00+00:00,3999.56,4001.21,3998.01,3999.29,104.25
2026-06-30 00:55:00+00:00,3999.29,3999.29,3986.45,3994.54,794.67
2026-06-30 01:00:00+00:00,3994.54,3994.54,3983.24,3986.2,788.12
2026-06-30 01:05:00+00:00,3986.2,3986.24,3950.28,3970.91,3237.84
2026-06-30 01:10:00+00:00,3970.91,3976.21,3962.09,3965.33,631.16
2026-06-30 01:15:00+00:00,3965.33,3978.1,3956.4,3976.75,769.6
2026-06-30 01:20:00+00:00,3976.75,3981.67,3973.19,3977.29,288.73
2026-06-30 01:25:00+00:00,3977.29,3987.46,3975.51,3985.51,248.42
2026-06-30 01:30:00+00:00,3985.51,3986.72,3980.87,3982.53,184.06
2026-06-30 01:35:00+00:00,3982.53,3983.54,3976.56,3977.03,177.25
2026-06-30 01:40:00+00:00,3977.03,3979.42,3972.7,3975.48,274.24
2026-06-30 01:45:00+00:00,3975.48,3979.7,3968.33,3969.68,343.39
2026-06-30 01:50:00+00:00,3969.68,3973.41,3968.63,3970.21,164.27
2026-06-30 01:55:00+00:00,3970.21,3976.52,3969.0,3975.88,90.68
2026-06-30 02:00:00+00:00,3975.88,3979.52,3973.28,3976.53,222.75
2026-06-30 02:05:00+00:00,3976.53,3977.56,3965.87,3966.45,230.96
2026-06-30 02:10:00+00:00,3966.45,3966.74,3959.0,3964.71,315.07
2026-06-30 02:15:00+00:00,3964.71,3968.53,3962.52,3967.98,112.9
2026-06-30 02:20:00+00:00,3967.98,3970.72,3962.48,3969.69,151.6
2026-06-30 02:25:00+00:00,3969.69,3971.9,3967.22,3969.0,125.94
2026-06-30 02:30:00+00:00,3969.0,3969.8,3963.52,3965.99,152.19
2026-06-30 02:35:00+00:00,3965.99,3969.88,3961.21,3969.88,146.23
2026-06-30 02:40:00+00:00,3969.88,3970.81,3964.23,3966.76,159.5
2026-06-30 02:45:00+00:00,3966.76,3971.63,3966.27,3970.2,183.52
2026-06-30 02:50:00+00:00,3970.2,3977.78,3970.06,3973.16,170.1
2026-06-30 02:55:00+00:00,3973.16,3974.45,3966.37,3969.28,128.76
2026-06-30 03:00:00+00:00,3969.28,3976.12,3969.28,3974.6,173.0
2026-06-30 03:05:00+00:00,3974.6,3975.7,3972.21,3974.33,125.67
2026-06-30 03:10:00+00:00,3974.33,3975.69,3972.49,3975.1,17.64
