ts,funding_rate
2026-04-01 04:00:00+00:00,-0.000179
2026-04-01 08:00:00+00:00,-0.000142
2026-04-01 12:00:00+00:00,-8.2e-05
2026-04-01 16:00:00+00:00,-0.000167
2026-04-01 20:00:00+00:00,-0.000163
2026-04-02 00:00:00+00:00,-0.000144
2026-04-02 04:00:00+00:00,2.8e-05
2026-04-02 08:00:00+00:00,1e-06
2026-04-02 12:00:00+00:00,-9.7e-05
2026-04-02 16:00:00+00:00,-0.000215
2026-04-02 20:00:00+00:00,-0.000135
2026-04-03 00:00:00+00:00,-0.000207
2026-04-03 04:00:00+00:00,-0.000148
2026-04-03 08:00:00+00:00,-0.000192
2026-04-03 12:00:00+00:00,-8.1e-05
2026-04-03 16:00:00+00:00,-0.000172
2026-04-03 20:00:00+00:00,-9.8e-05
2026-04-04 00:00:00+00:00,5e-05
2026-04-04 04:00:00+00:00,5e-05
2026-04-04 08:00:00+00:00,-3.7e-05
2026-04-04 12:00:00+00:00,1e-05
2026-04-04 16:00:00+00:00,-5.1e-05
2026-04-04 20:00:00+00:00,-4e-05
2026-04-05 00:00:00+00:00,-0.000154
2026-04-05 04:00:00+00:00,-0.000209
2026-04-05 08:00:00+00:00,-0.000248
2026-04-05 12:00:00+00:00,-0.000577
2026-04-05 16:00:00+00:00,-0.000764
2026-04-05 20:00:00+00:00,-0.001525
2026-04-06 00:00:00+00:00,-0.000398
2026-04-06 04:00:00+00:00,5e-05
2026-04-06 08:00:00+00:00,5e-05
2026-04-06 12:00:00+00:00,-4.7e-05
2026-04-06 16:00:00+00:00,5e-05
2026-04-06 20:00:00+00:00,5e-05
2026-04-07 00:00:00+00:00,5e-05
2026-04-07 04:00:00+00:00,5e-05
2026-04-07 08:00:00+00:00,5e-05
2026-04-07 12:00:00+00:00,5e-05
2026-04-07 16:00:00+00:00,5e-05
2026-04-07 20:00:00+00:00,-1e-06
2026-04-08 00:00:00+00:00,4e-05
2026-04-08 04:00:00+00:00,5e-05
2026-04-08 08:00:00+00:00,5e-05
2026-04-08 12:00:00+00:00,5e-05
2026-04-08 16:00:00+00:00,5e-05
2026-04-08 20:00:00+00:00,5e-05
2026-04-09 00:00:00+00:00,5e-05
2026-04-09 04:00:00+00:00,5e-05
2026-04-09 08:00:00+00:00,5e-05
2026-04-09 12:00:00+00:00,5e-05
2026-04-09 16:00:00+00:00,5e-05
2026-04-09 20:00:00+00:00,5e-05
2026-04-10 00:00:00+00:00,5e-05
2026-04-10 04:00:00+00:00,5e-05
2026-04-10 08:00:00+00:00,5e-05
2026-04-10 12:00:00+00:00,5e-05
2026-04-10 16:00:00+00:00,5e-05
2026-04-10 20:00:00+00:00,5e-05
2026-04-11 00:00:00+00:00,5e-05
2026-04-11 04:00:00+00:00,5e-05
2026-04-11 08:00:00+00:00,5e-05
2026-04-11 12:00:00+00:00,5e-05
2026-04-11 16:00:00+00:00,5e-05
2026-04-11 20:00:00+00:00,0.00018
2026-04-12 00:00:00+00:00,5e-05
2026-04-12 04:00:00+00:00,-4.7e-05
2026-04-12 08:00:00+00:00,2.9e-05
2026-04-12 12:00:00+00:00,-0.000104
2026-04-12 16:00:00+00:00,-0.000689
2026-04-12 20:00:00+00:00,-0.000834
2026-04-13 00:00:00+00:00,-0.000458
2026-04-13 04:00:00+00:00,5e-05
2026-04-13 08:00:00+00:00,5e-05
2026-04-13 12:00:00+00:00,5e-05
2026-04-13 16:00:00+00:00,5e-05
2026-04-13 20:00:00+00:00,5e-05
2026-04-14 00:00:00+00:00,5e-05
2026-04-14 04:00:00+00:00,5e-05
2026-04-14 08:00:00+00:00,5e-05
2026-04-14 12:00:00+00:00,5e-05
2026-04-14 16:00:00+00:00,5e-05
2026-04-14 20:00:00+00:00,5e-05
2026-04-15 00:00:00+00:00,-3e-06
2026-04-15 04:00:00+00:00,5e-05
2026-04-15 08:00:00+00:00,5e-05
2026-04-15 12:00:00+00:00,5e-05
2026-04-15 16:00:00+00:00,5e-05
2026-04-15 20:00:00+00:00,5e-05
2026-04-16 00:00:00+00:00,5e-05
2026-04-16 04:00:00+00:00,3.5e-05
2026-04-16 08:00:00+00:00,2.8e-05
2026-04-16 12:00:00+00:00,5e-05
2026-04-16 16:00:00+00:00,5e-05
2026-04-16 20:00:00+00:00,5e-05
2026-04-17 00:00:00+00:00,5e-05
2026-04-17 04:00:00+00:00,5e-05
2026-04-17 08:00:00+00:00,5e-05
2026-04-17 12:00:00+00:00,5e-05
2026-04-17 16:00:00+00:00,5e-05
2026-04-17 20:00:00+00:00,-1e-06
2026-04-18 00:00:00+00:00,5e-05
2026-04-18 04:00:00+00:00,5e-05
2026-04-18 08:00:00+00:00,5e-05
2026-04-18 12:00:00+00:00,-0.000369
2026-04-18 16:00:00+00:00,-0.000176
2026-04-18 20:00:00+00:00,-0.000434
2026-04-19 00:00:00+00:00,-0.000263
2026-04-19 04:00:00+00:00,-0.000162
2026-04-19 08:00:00+00:00,-0.000373
2026-04-19 12:00:00+00:00,-0.000367
2026-04-19 16:00:00+00:00,-0.000478
2026-04-19 20:00:00+00:00,-0.00133
2026-04-20 00:00:00+00:00,-0.000362
2026-04-20 04:00:00+00:00,5e-05
2026-04-20 08:00:00+00:00,4.1e-05
2026-04-20 12:00:00+00:00,5e-05
2026-04-20 16:00:00+00:00,5e-05
2026-04-20 20:00:00+00:00,5e-05
2026-04-21 00:00:00+00:00,-2e-06
2026-04-21 04:00:00+00:00,4e-05
2026-04-21 08:00:00+00:00,5e-05
2026-04-21 12:00:00+00:00,5e-05
2026-04-21 16:00:00+00:00,5e-05
2026-04-21 20:00:00+00:00,5e-05
2026-04-22 00:00:00+00:00,5e-05
2026-04-22 04:00:00+00:00,1.7e-05
2026-04-22 08:00:00+00:00,3e-06
2026-04-22 12:00:00+00:00,5e-05
2026-04-22 16:00:00+00:00,5e-05
2026-04-22 20:00:00+00:00,5e-05
2026-04-23 00:00:00+00:00,5e-05
2026-04-23 04:00:00+00:00,5e-05
2026-04-23 08:00:00+00:00,5e-05
2026-04-23 12:00:00+00:00,5e-05
2026-04-23 16:00:00+00:00,5e-05
2026-04-23 20:00:00+00:00,5e-05
2026-04-24 00:00:00+00:00,5e-05
2026-04-24 04:00:00+00:00,5e-05
2026-04-24 08:00:00+00:00,5e-05
2026-04-24 12:00:00+00:00,5e-05
2026-04-24 16:00:00+00:00,5e-05
2026-04-24 20:00:00+00:00,5e-05
2026-04-25 00:00:00+00:00,5e-05
2026-04-25 04:00:00+00:00,5e-05
2026-04-25 08:00:00+00:00,5e-05
2026-04-25 12:00:00+00:00,5e-05
2026-04-25 16:00:00+00:00,5e-05
2026-04-25 20:00:00+00:00,5e-05
2026-04-26 00:00:00+00:00,5e-05
2026-04-26 04:00:00+00:00,5e-05
2026-04-26 08:00:00+00:00,0.000113
2026-04-26 12:00:00+00:00,5.6e-05
2026-04-26 16:00:00+00:00,5e-05
2026-04-26 20:00:00+00:00,0.0002
2026-04-27 00:00:00+00:00,5e-05
2026-04-27 04:00:00+00:00,-1.3e-05
2026-04-27 08:00:00+00:00,1.3e-05
2026-04-27 12:00:00+00:00,1.1e-05
2026-04-27 16:00:00+00:00,3e-05
2026-04-27 20:00:00+00:00,5e-05
2026-04-28 00:00:00+00:00,5e-05
2026-04-28 04:00:00+00:00,-4e-06
2026-04-28 08:00:00+00:00,5e-05
2026-04-28 12:00:00+00:00,4.3e-05
2026-04-28 16:00:00+00:00,5e-05
2026-04-28 20:00:00+00:00,-1e-05
2026-04-29 00:00:00+00:00,5e-05
2026-04-29 04:00:00+00:00,1.3e-05
2026-04-29 08:00:00+00:00,5e-05
2026-04-29 12:00:00+00:00,5e-05
2026-04-29 16:00:00+00:00,5e-05
2026-04-29 20:00:00+00:00,5e-05
2026-04-30 00:00:00+00:00,5e-05
2026-04-30 04:00:00+00:00,4e-06
2026-04-30 08:00:00+00:00,-3.2e-05
2026-04-30 12:00:00+00:00,3e-06
2026-04-30 16:00:00+00:00,3.4e-05
2026-04-30 20:00:00+00:00,5e-05
2026-05-01 00:00:00+00:00,5e-06
2026-05-01 04:00:00+00:00,5e-05
2026-05-01 08:00:00+00:00,5e-05
2026-05-01 12:00:00+00:00,9.8e-05
2026-05-01 16:00:00+00:00,5e-05
2026-05-01 20:00:00+00:00,5e-05
2026-05-02 00:00:00+00:00,5e-05
2026-05-02 04:00:00+00:00,5e-05
2026-05-02 08:00:00+00:00,5e-05
2026-05-02 12:00:00+00:00,5e-05
2026-05-02 16:00:00+00:00,5e-05
2026-05-02 20:00:00+00:00,5e-05
2026-05-03 00:00:00+00:00,5e-05
2026-05-03 04:00:00+00:00,5e-05
2026-05-03 08:00:00+00:00,5e-05
2026-05-03 12:00:00+00:00,5e-05
2026-05-03 16:00:00+00:00,0.000475
2026-05-03 20:00:00+00:00,0.000153
2026-05-04 00:00:00+00:00,0.000161
2026-05-04 04:00:00+00:00,5e-05
2026-05-04 08:00:00+00:00,5e-05
2026-05-04 12:00:00+00:00,5e-05
2026-05-04 16:00:00+00:00,5e-05
2026-05-04 20:00:00+00:00,5e-05
2026-05-05 00:00:00+00:00,5e-05
2026-05-05 04:00:00+00:00,5e-05
2026-05-05 08:00:00+00:00,5e-05
2026-05-05 12:00:00+00:00,5e-05
2026-05-05 16:00:00+00:00,5e-05
2026-05-05 20:00:00+00:00,5e-05
2026-05-06 00:00:00+00:00,5e-05
2026-05-06 04:00:00+00:00,5e-05
2026-05-06 08:00:00+00:00,5e-05
2026-05-06 12:00:00+00:00,0.0
2026-05-06 16:00:00+00:00,0.0
2026-05-06 20:00:00+00:00,0.0
2026-05-07 00:00:00+00:00,0.0
2026-05-07 04:00:00+00:00,0.0
2026-05-07 08:00:00+00:00,0.0
2026-05-07 12:00:00+00:00,0.0
2026-05-07 16:00:00+00:00,0.0
2026-05-07 20:00:00+00:00,0.0
2026-05-08 00:00:00+00:00,0.0
2026-05-08 04:00:00+00:00,0.0
2026-05-08 08:00:00+00:00,0.0
2026-05-08 12:00:00+00:00,0.0
2026-05-08 16:00:00+00:00,0.0
2026-05-08 20:00:00+00:00,0.0
2026-05-09 00:00:00+00:00,0.0
2026-05-09 04:00:00+00:00,0.0
2026-05-09 08:00:00+00:00,0.0
2026-05-09 12:00:00+00:00,0.0
2026-05-09 16:00:00+00:00,0.0
2026-05-09 20:00:00+00:00,0.0
2026-05-10 00:00:00+00:00,0.0
2026-05-10 04:00:00+00:00,-0.000102
2026-05-10 08:00:00+00:00,-0.000162
2026-05-10 12:00:00+00:00,0.0
2026-05-10 16:00:00+00:00,-3.5e-05
2026-05-10 20:00:00+00:00,-0.000227
2026-05-11 00:00:00+00:00,0.0
2026-05-11 04:00:00+00:00,2.2e-05
2026-05-11 08:00:00+00:00,9.2e-05
2026-05-11 12:00:00+00:00,3.6e-05
2026-05-11 16:00:00+00:00,0.0
2026-05-11 20:00:00+00:00,0.0
2026-05-12 00:00:00+00:00,0.0
2026-05-12 04:00:00+00:00,0.0
2026-05-12 08:00:00+00:00,9.2e-05
2026-05-12 12:00:00+00:00,3.9e-05
2026-05-12 16:00:00+00:00,0.0
2026-05-12 20:00:00+00:00,0.0
2026-05-13 00:00:00+00:00,0.0
2026-05-13 04:00:00+00:00,0.0
2026-05-13 08:00:00+00:00,0.0
2026-05-13 12:00:00+00:00,0.0
2026-05-13 16:00:00+00:00,0.0
2026-05-13 20:00:00+00:00,1.5e-05
2026-05-14 00:00:00+00:00,0.0
2026-05-14 04:00:00+00:00,0.0
2026-05-14 08:00:00+00:00,0.0
2026-05-14 12:00:00+00:00,0.0
2026-05-14 16:00:00+00:00,2.7e-05
2026-05-14 20:00:00+00:00,0.000202
2026-05-15 00:00:00+00:00,0.0002
2026-05-15 04:00:00+00:00,0.000121
2026-05-15 08:00:00+00:00,0.000176
2026-05-15 12:00:00+00:00,0.000252
2026-05-15 16:00:00+00:00,0.000155
2026-05-15 20:00:00+00:00,0.000143
2026-05-16 00:00:00+00:00,0.0
2026-05-16 04:00:00+00:00,7e-06
2026-05-16 08:00:00+00:00,0.0
2026-05-16 12:00:00+00:00,-4.8e-05
2026-05-16 16:00:00+00:00,0.0
2026-05-16 20:00:00+00:00,0.0
2026-05-17 00:00:00+00:00,0.0
2026-05-17 04:00:00+00:00,0.0
2026-05-17 08:00:00+00:00,0.0
2026-05-17 12:00:00+00:00,0.0
2026-05-17 16:00:00+00:00,0.0
2026-05-17 20:00:00+00:00,0.0
2026-05-18 00:00:00+00:00,0.0
2026-05-18 04:00:00+00:00,0.0
2026-05-18 08:00:00+00:00,0.0
2026-05-18 12:00:00+00:00,4.6e-05
2026-05-18 16:00:00+00:00,5e-06
2026-05-18 20:00:00+00:00,1.4e-05
2026-05-19 00:00:00+00:00,0.0
2026-05-19 04:00:00+00:00,0.0
2026-05-19 08:00:00+00:00,0.0
2026-05-19 12:00:00+00:00,9e-06
2026-05-19 16:00:00+00:00,5.5e-05
2026-05-19 20:00:00+00:00,9.3e-05
2026-05-20 00:00:00+00:00,3.6e-05
2026-05-20 04:00:00+00:00,0.0
2026-05-20 08:00:00+00:00,0.0
2026-05-20 12:00:00+00:00,0.0
2026-05-20 16:00:00+00:00,0.0
2026-05-20 20:00:00+00:00,0.0
2026-05-21 00:00:00+00:00,0.0
2026-05-21 04:00:00+00:00,0.0
2026-05-21 08:00:00+00:00,0.0
2026-05-21 12:00:00+00:00,0.0
2026-05-21 16:00:00+00:00,0.0
2026-05-21 20:00:00+00:00,0.0
2026-05-22 00:00:00+00:00,0.0
2026-05-22 04:00:00+00:00,0.0
2026-05-22 08:00:00+00:00,0.0
2026-05-22 12:00:00+00:00,0.0
2026-05-22 16:00:00+00:00,0.0
2026-05-22 20:00:00+00:00,0.0
2026-05-23 00:00:00+00:00,0.0
2026-05-23 04:00:00+00:00,0.0
2026-05-23 08:00:00+00:00,0.0
2026-05-23 12:00:00+00:00,0.0
2026-05-23 16:00:00+00:00,4.7e-05
2026-05-23 20:00:00+00:00,2.7e-05
2026-05-24 00:00:00+00:00,0.000202
2026-05-24 04:00:00+00:00,1e-05
2026-05-24 08:00:00+00:00,0.0
2026-05-24 12:00:00+00:00,0.0
2026-05-24 16:00:00+00:00,0.0
2026-05-24 20:00:00+00:00,-2.1e-05
2026-05-25 00:00:00+00:00,0.0
2026-05-25 04:00:00+00:00,0.0
2026-05-25 08:00:00+00:00,0.0
2026-05-25 12:00:00+00:00,0.0
2026-05-25 16:00:00+00:00,0.0
2026-05-25 20:00:00+00:00,0.0
2026-05-26 00:00:00+00:00,0.0
2026-05-26 04:00:00+00:00,0.0
2026-05-26 08:00:00+00:00,0.0
2026-05-26 12:00:00+00:00,0.0
2026-05-26 16:00:00+00:00,0.0
2026-05-26 20:00:00+00:00,0.0
2026-05-27 00:00:00+00:00,0.0
2026-05-27 04:00:00+00:00,0.0
2026-05-27 08:00:00+00:00,0.0
2026-05-27 12:00:00+00:00,3.5e-05
2026-05-27 16:00:00+00:00,0.0
2026-05-27 20:00:00+00:00,0.0
2026-05-28 00:00:00+00:00,0.0
2026-05-28 04:00:00+00:00,0.0
2026-05-28 08:00:00+00:00,1.9e-05
2026-05-28 12:00:00+00:00,0.0
2026-05-28 16:00:00+00:00,0.0
2026-05-28 20:00:00+00:00,0.0
2026-05-29 00:00:00+00:00,0.0
2026-05-29 04:00:00+00:00,0.0
2026-05-29 08:00:00+00:00,0.0
2026-05-29 12:00:00+00:00,0.0
2026-05-29 16:00:00+00:00,0.0
2026-05-29 20:00:00+00:00,0.0
2026-05-30 00:00:00+00:00,6.2e-05
2026-05-30 04:00:00+00:00,0.0
2026-05-30 08:00:00+00:00,0.0
2026-05-30 12:00:00+00:00,0.0
2026-05-30 16:00:00+00:00,0.0
2026-05-30 20:00:00+00:00,0.0
2026-05-31 00:00:00+00:00,0.0
2026-05-31 04:00:00+00:00,0.0
2026-05-31 08:00:00+00:00,2.5e-05
2026-05-31 12:00:00+00:00,0.0
2026-05-31 16:00:00+00:00,0.0
2026-05-31 20:00:00+00:00,0.0
2026-06-01 00:00:00+00:00,0.0
2026-06-01 04:00:00+00:00,0.0
2026-06-01 08:00:00+00:00,0.0
2026-06-01 12:00:00+00:00,3.8e-05
2026-06-01 16:00:00+00:00,0.000102
2026-06-01 20:00:00+00:00,8.2e-05
2026-06-02 00:00:00+00:00,5.7e-05
2026-06-02 04:00:00+00:00,5.9e-05
2026-06-02 08:00:00+00:00,1e-06
2026-06-02 12:00:00+00:00,0.0
2026-06-02 16:00:00+00:00,0.0
2026-06-02 20:00:00+00:00,0.0
2026-06-03 00:00:00+00:00,0.0
2026-06-03 04:00:00+00:00,0.0
2026-06-03 08:00:00+00:00,0.0
2026-06-03 12:00:00+00:00,2.1e-05
2026-06-03 16:00:00+00:00,0.0
2026-06-03 20:00:00+00:00,4.3e-05
2026-06-04 00:00:00+00:00,9e-06
2026-06-04 04:00:00+00:00,8e-06
2026-06-04 08:00:00+00:00,4.3e-05
2026-06-04 12:00:00+00:00,3.1e-05
2026-06-04 16:00:00+00:00,3.9e-05
2026-06-04 20:00:00+00:00,0.0
2026-06-05 00:00:00+00:00,3.9e-05
2026-06-05 04:00:00+00:00,5.1e-05
2026-06-05 08:00:00+00:00,7.9e-05
2026-06-05 12:00:00+00:00,5.1e-05
2026-06-05 16:00:00+00:00,0.000183
2026-06-05 20:00:00+00:00,0.000149
2026-06-06 00:00:00+00:00,0.0
2026-06-06 04:00:00+00:00,0.0
2026-06-06 08:00:00+00:00,0.0
2026-06-06 12:00:00+00:00,0.0
2026-06-06 16:00:00+00:00,0.0
2026-06-06 20:00:00+00:00,0.0
2026-06-07 00:00:00+00:00,0.0
2026-06-07 04:00:00+00:00,0.0
2026-06-07 08:00:00+00:00,0.0
2026-06-07 12:00:00+00:00,0.0
2026-06-07 16:00:00+00:00,0.0
2026-06-07 20:00:00+00:00,0.0
2026-06-08 00:00:00+00:00,0.000125
2026-06-08 04:00:00+00:00,0.000208
2026-06-08 08:00:00+00:00,0.000131
2026-06-08 12:00:00+00:00,0.000131
2026-06-08 16:00:00+00:00,0.000145
2026-06-08 20:00:00+00:00,0.000126
2026-06-09 00:00:00+00:00,0.000128
2026-06-09 04:00:00+00:00,0.000114
2026-06-09 08:00:00+00:00,0.000137
2026-06-09 12:00:00+00:00,0.0001
2026-06-09 16:00:00+00:00,0.000111
2026-06-09 20:00:00+00:00,0.000123
2026-06-10 00:00:00+00:00,8.9e-05
2026-06-10 04:00:00+00:00,0.000173
2026-06-10 08:00:00+00:00,6.2e-05
2026-06-10 12:00:00+00:00,2e-06
2026-06-10 16:00:00+00:00,9.2e-05
2026-06-10 20:00:00+00:00,0.000183
2026-06-11 00:00:00+00:00,2.9e-05
2026-06-11 04:00:00+00:00,7.9e-05
2026-06-11 08:00:00+00:00,1.2e-05
2026-06-11 12:00:00+00:00,5.4e-05
2026-06-11 16:00:00+00:00,0.000135
2026-06-11 20:00:00+00:00,0.0
2026-06-12 00:00:00+00:00,0.0
2026-06-12 04:00:00+00:00,0.0
2026-06-12 08:00:00+00:00,0.0
2026-06-12 12:00:00+00:00,0.0
2026-06-12 16:00:00+00:00,6e-06
2026-06-12 20:00:00+00:00,0.00011
2026-06-13 00:00:00+00:00,0.0
2026-06-13 04:00:00+00:00,0.0
2026-06-13 08:00:00+00:00,0.0
2026-06-13 12:00:00+00:00,0.0
2026-06-13 16:00:00+00:00,0.0
2026-06-13 20:00:00+00:00,0.0
2026-06-14 00:00:00+00:00,0.0
2026-06-14 04:00:00+00:00,0.0
2026-06-14 08:00:00+00:00,0.0
2026-06-14 12:00:00+00:00,0.0
2026-06-14 16:00:00+00:00,0.0
2026-06-14 20:00:00+00:00,0.0
2026-06-15 00:00:00+00:00,0.000209
2026-06-15 04:00:00+00:00,7.5e-05
2026-06-15 08:00:00+00:00,0.0
2026-06-15 12:00:00+00:00,8.2e-05
2026-06-15 16:00:00+00:00,1.9e-05
2026-06-15 20:00:00+00:00,8.3e-05
2026-06-16 00:00:00+00:00,4.1e-05
2026-06-16 04:00:00+00:00,8.2e-05
2026-06-16 08:00:00+00:00,6.1e-05
2026-06-16 12:00:00+00:00,3e-05
2026-06-16 16:00:00+00:00,5.1e-05
2026-06-16 20:00:00+00:00,3.2e-05
2026-06-17 00:00:00+00:00,0.0
2026-06-17 04:00:00+00:00,4.2e-05
2026-06-17 08:00:00+00:00,1.1e-05
2026-06-17 12:00:00+00:00,0.0
2026-06-17 16:00:00+00:00,0.0
2026-06-17 20:00:00+00:00,5.5e-05
2026-06-18 00:00:00+00:00,0.0
2026-06-18 04:00:00+00:00,0.0
2026-06-18 08:00:00+00:00,0.0
2026-06-18 12:00:00+00:00,0.0
2026-06-18 16:00:00+00:00,0.0
2026-06-18 20:00:00+00:00,0.0
2026-06-19 00:00:00+00:00,0.0
2026-06-19 04:00:00+00:00,0.0
2026-06-19 08:00:00+00:00,0.0
2026-06-19 12:00:00+00:00,0.0
2026-06-19 16:00:00+00:00,0.0
2026-06-19 20:00:00+00:00,0.0
2026-06-20 00:00:00+00:00,0.0
2026-06-20 04:00:00+00:00,0.0
2026-06-20 08:00:00+00:00,0.0
2026-06-20 12:00:00+00:00,0.0
2026-06-20 16:00:00+00:00,0.0
2026-06-20 20:00:00+00:00,0.0
2026-06-21 00:00:00+00:00,0.0
2026-06-21 04:00:00+00:00,0.0
2026-06-21 08:00:00+00:00,0.0
2026-06-21 12:00:00+00:00,0.0
2026-06-21 16:00:00+00:00,0.0
2026-06-21 20:00:00+00:00,0.0
2026-06-22 00:00:00+00:00,0.0
2026-06-22 04:00:00+00:00,3.6e-05
2026-06-22 08:00:00+00:00,0.0
2026-06-22 12:00:00+00:00,0.0
2026-06-22 16:00:00+00:00,0.0
2026-06-22 20:00:00+00:00,0.0
2026-06-23 00:00:00+00:00,0.0
2026-06-23 04:00:00+00:00,0.0
2026-06-23 08:00:00+00:00,0.0
2026-06-23 12:00:00+00:00,0.0
2026-06-23 16:00:00+00:00,0.0
2026-06-23 20:00:00+00:00,0.0
2026-06-24 00:00:00+00:00,0.0
2026-06-24 04:00:00+00:00,3.1e-05
2026-06-24 08:00:00+00:00,0.0
2026-06-24 12:00:00+00:00,6.5e-05
2026-06-24 16:00:00+00:00,2.3e-05
2026-06-24 20:00:00+00:00,8.4e-05
2026-06-25 00:00:00+00:00,6.4e-05
2026-06-25 04:00:00+00:00,2.9e-05
2026-06-25 08:00:00+00:00,7e-05
2026-06-25 12:00:00+00:00,6.6e-05
2026-06-25 16:00:00+00:00,0.0
2026-06-25 20:00:00+00:00,0.0
2026-06-26 00:00:00+00:00,0.0
2026-06-26 04:00:00+00:00,0.0
2026-06-26 08:00:00+00:00,0.0
2026-06-26 12:00:00+00:00,0.0
2026-06-26 16:00:00+00:00,0.0
2026-06-26 20:00:00+00:00,0.0
2026-06-27 00:00:00+00:00,0.0
2026-06-27 04:00:00+00:00,0.0
2026-06-27 08:00:00+00:00,0.0
2026-06-27 12:00:00+00:00,0.0
2026-06-27 16:00:00+00:00,0.0
2026-06-27 20:00:00+00:00,0.0
2026-06-28 00:00:00+00:00,0.0
2026-06-28 04:00:00+00:00,0.0
2026-06-28 08:00:00+00:00,0.0
2026-06-28 12:00:00+00:00,0.0
2026-06-28 16:00:00+00:00,0.0
2026-06-28 20:00:00+00:00,0.0
2026-06-29 00:00:00+00:00,0.0
2026-06-29 04:00:00+00:00,0.0
2026-06-29 08:00:00+00:00,0.0
2026-06-29 12:00:00+00:00,0.0
2026-06-29 16:00:00+00:00,0.0
2026-06-29 20:00:00+00:00,1.4e-05
2026-06-30 00:00:00+00:00,0.0
